Weighting	Devices	Loss	Radius	Fraction	Outage Fraction	Model	Score	True Positive	True Negative	False Positive	False Negative
Capacity	False	False	False	False	False	ANN	0.7970894266549738	0.252921239126828	0.5441681875281458	0.009326633642245976	0.1935839397027802
Capacity	False	False	False	False	False	CART	0.8091062074850086	0.31467611575928517	0.4944300917257235	0.05906472944466829	0.13182906307032305
Capacity	False	False	False	False	False	Linear SVM	0.8072100684980209	0.2770496077362471	0.5301604607617738	0.02333436040861795	0.16945557109336115
Capacity	False	False	False	False	False	RBF SVM	0.8067597354886114	0.2741816975184281	0.5325780379701832	0.020916783200208577	0.1723234813111801
Capacity	False	False	False	False	False	Random Forest	0.8089047427176412	0.30049062596288306	0.5084141167547581	0.045080704415633666	0.14601455286672513
Capacity	False	False	False	False	True	ANN	0.8077315067194425	0.26657343983313975	0.5411580668863027	0.012336754284089023	0.17993173899646844
Capacity	False	False	False	False	True	CART	0.813775449740466	0.2752127230926027	0.5385627266478633	0.014932094522528501	0.17129245573700552
Capacity	False	False	False	False	True	Linear SVM	0.8121637316015264	0.2787679836932047	0.5333957479083217	0.02009907326207011	0.1677371951364035
Capacity	False	False	False	False	True	RBF SVM	0.810943092128653	0.2706027351804887	0.5403403569481643	0.01315446422222749	0.17590244364911947
Capacity	False	False	False	False	True	Random Forest	0.8134436254177431	0.2831765068379512	0.5302671185797919	0.02322770259059989	0.163328671991657
Capacity	False	False	True	True	False	ANN	0.8146524140219478	0.28356758550401745	0.5310848285179304	0.022409992652461425	0.16293759332559077
Capacity	False	False	True	True	False	CART	0.8380104761679031	0.31891872674267024	0.5190917494252328	0.03440307174515892	0.12758645208693797
Capacity	False	False	True	True	False	Linear SVM	0.8350951624754095	0.3075181910834064	0.527576971392003	0.025917849778388756	0.1389869877462018
Capacity	False	False	True	True	False	RBF SVM	0.8415301841624991	0.3144983527292551	0.5270318314332441	0.026462989737147734	0.13200682610035316
Capacity	False	False	True	True	False	Random Forest	0.8423241923633003	0.32118224265838685	0.5211419497049133	0.03235287146547842	0.12532293617122134
Capacity	False	False	True	True	True	ANN	0.8275698608708019	0.31040980303856275	0.5171600578322391	0.036334763338152685	0.13609537579104547
Capacity	False	False	True	True	True	CART	0.8277120712948259	0.3277239221634946	0.4999881491313313	0.05350667203906046	0.11878125666611362
Capacity	False	False	True	True	True	Linear SVM	0.8403450972956318	0.30931952312104477	0.531025574174587	0.02246924699580479	0.13718565570856345
Capacity	False	False	True	True	True	RBF SVM	0.8426678675546918	0.31296959067099617	0.5296982768836955	0.023796544286696215	0.13353558815861202
Capacity	False	False	True	True	True	Random Forest	0.8276054134768078	0.30140314285037095	0.5262022706264369	0.027292550543954873	0.14510203597923726
Capacity	False	True	False	False	False	ANN	0.8060012798938162	0.2650920812495556	0.5409091986442606	0.012585622526131166	0.1814130975800526
Capacity	False	True	False	False	False	CART	0.8119741177028276	0.2921002109454623	0.5198739067573653	0.033620914413026476	0.1544049678841459
Capacity	False	True	False	False	False	Linear SVM	0.8104690573819061	0.27540233699130146	0.5350667203906047	0.018428100779787158	0.17110284183830674
Capacity	False	True	False	False	False	RBF SVM	0.8091417600910147	0.27126638382593443	0.5378753762650802	0.01561944490531156	0.17523879500367376
Capacity	False	True	False	False	False	Random Forest	0.8122229859448697	0.2918394918347515	0.5203834941101183	0.03311132706027352	0.15466568699485672
Capacity	False	True	False	False	True	ANN	0.8073048754473703	0.2657083264203266	0.5415965490270437	0.011898272143348107	0.1807968524092816
Capacity	False	True	False	False	True	CART	0.8139887653765021	0.2754260387286388	0.5385627266478633	0.014932094522528501	0.1710791401009694
Capacity	False	True	False	False	True	Linear SVM	0.8135858358417672	0.278649475006518	0.5349363608352492	0.018558460335142565	0.16785570382309023
Capacity	False	True	False	False	True	RBF SVM	0.8110853025526771	0.2712308312199284	0.5398544713327487	0.013640349837643099	0.17527434760967978
Capacity	False	True	False	False	True	Random Forest	0.8142257827498756	0.28197956910241523	0.5322462136474604	0.02124860752293143	0.164525609727193
Capacity	False	True	True	True	False	ANN	0.8222488208385674	0.2889360290109265	0.533312791827641	0.020182029342750825	0.1575691498186817
Capacity	False	True	True	True	False	CART	0.8380104761679031	0.31891872674267024	0.5190917494252328	0.03440307174515892	0.12758645208693797
Capacity	False	True	True	True	False	Linear SVM	0.8346329785973312	0.30683084070062333	0.5278021378967078	0.025692683273683962	0.13967433812898486
Capacity	False	True	True	True	False	RBF SVM	0.839752553862198	0.31377544974046595	0.5259771041217322	0.027517717048659667	0.13272972908914224
Capacity	False	True	True	True	False	Random Forest	0.8362683984736081	0.31276812590362874	0.5235002725699793	0.02999454860041241	0.13373705292597948
Capacity	False	True	True	True	True	ANN	0.8235168637861155	0.285108198430945	0.5384086653551705	0.015086155815221255	0.1613969803986632
Capacity	False	True	True	True	True	CART	0.8277120712948259	0.3277239221634946	0.4999881491313313	0.05350667203906046	0.11878125666611362
Capacity	False	True	True	True	True	Linear SVM	0.8401791851342704	0.30936692659571946	0.5308122585385509	0.022682562631840913	0.13713825223388876
Capacity	False	True	True	True	True	RBF SVM	0.8420279206465834	0.3125311085302553	0.5294968121163282	0.023998009054063664	0.13397407029935293
Capacity	False	True	True	True	True	Random Forest	0.8372283188357706	0.3126614680856107	0.52456685075016	0.0289279704202318	0.13384371074399753
Capacity	True	False	False	False	False	ANN	0.7943044725178355	0.24946078547557535	0.5448436870422602	0.008651134128131592	0.19704439335403284
Capacity	True	False	False	False	False	CART	0.8111801095020265	0.32604109881254295	0.48513901068948356	0.06835581048090825	0.12046408001706525
Capacity	True	False	False	False	False	Linear SVM	0.8077078049821051	0.2790287028039155	0.5286791021781897	0.02481571899220213	0.16747647602569268
Capacity	True	False	False	False	False	RBF SVM	0.8068663933066293	0.2742883553364462	0.5325780379701832	0.020916783200208577	0.17221682349316206
Capacity	True	False	False	False	False	Random Forest	0.8090588040103339	0.32105188310303145	0.4880069209073025	0.06548790026308929	0.12545329572657676
Capacity	True	False	False	False	True	ANN	0.8043658600175393	0.261702732810315	0.5426631272072243	0.0108316939631675	0.18480244601929322
Capacity	True	False	False	False	True	CART	0.8151738522433695	0.27624374866677726	0.5389301035765922	0.014564717593799625	0.17026143016283093
Capacity	True	False	False	False	True	Linear SVM	0.8130762484890143	0.2785546680571686	0.5345215804318456	0.018973240738546136	0.1679505107724396
Capacity	True	False	False	False	True	RBF SVM	0.8120570737835083	0.27163376075466333	0.540423313028845	0.013071508141546775	0.17487141807494488
Capacity	True	False	False	False	True	Random Forest	0.8138584058211467	0.2863880922471617	0.527470313573985	0.026024507596406815	0.1601170865824465
Capacity	True	False	True	True	False	ANN	0.8109312412599844	0.2885805029508663	0.522350738309118	0.031144082861273733	0.1579246758787419
Capacity	True	False	True	True	False	CART	0.8380104761679031	0.31891872674267024	0.5190917494252328	0.03440307174515892	0.12758645208693797
Capacity	True	False	True	True	False	Linear SVM	0.8351662676874215	0.30883363750562914	0.5263326301817923	0.027162190988599465	0.13767154132397905
Capacity	True	False	True	True	False	RBF SVM	0.8410442985470835	0.3137635988717973	0.5272806996752862	0.026214121495105592	0.1327415799578109
Capacity	True	False	True	True	False	Random Forest	0.830722191936669	0.3059657272878102	0.5247564646488587	0.028738356521533028	0.140539451541798
Capacity	True	False	True	True	True	ANN	0.8247375032589889	0.30002844208480484	0.524709061174184	0.02878575999620772	0.14647673674480338
Capacity	True	False	True	True	True	CART	0.8277120712948259	0.3277239221634946	0.4999881491313313	0.05350667203906046	0.11878125666611362
Capacity	True	False	True	True	True	Linear SVM	0.8402147377402763	0.3090825057476713	0.5311322319926051	0.022362589177786732	0.1374226730819369
Capacity	True	False	True	True	True	RBF SVM	0.8431182005641014	0.3124481524495746	0.5306700481145268	0.022824773055864996	0.13405702638003367
Capacity	True	False	True	True	True	Random Forest	0.8342181981939276	0.30936692659571946	0.5248512715982081	0.02864354957218364	0.13713825223388876
Capacity	True	True	False	False	False	ANN	0.8053968855917139	0.26400180133203766	0.5413950842596762	0.012099736910715555	0.18250337749757056
Capacity	True	True	False	False	False	CART	0.8141902301438696	0.30363110616008154	0.510559123983788	0.042935697186603776	0.14287407266952667
Capacity	True	True	False	False	False	Linear SVM	0.8106231186745988	0.2757578630513617	0.5348652556232372	0.018629565547154607	0.17074731577824653
Capacity	True	True	False	False	False	RBF SVM	0.8103505486952194	0.2742172501244341	0.5361332985707853	0.017361522599606553	0.1722879287051741
Capacity	True	True	False	False	False	Random Forest	0.8109904956033277	0.28788130169941456	0.5231091939039132	0.030385627266478633	0.15862387713019363
Capacity	True	True	False	False	True	ANN	0.8099239174231471	0.2706975421298381	0.539226375293309	0.01426844587708279	0.1758076366997701
Capacity	True	True	False	False	True	CART	0.8151738522433695	0.27624374866677726	0.5389301035765922	0.014564717593799625	0.17026143016283093
Capacity	True	True	False	False	True	Linear SVM	0.8144035457799057	0.27829394894645776	0.5361095968334479	0.017385224336943898	0.16821122988315043
Capacity	True	True	False	False	True	RBF SVM	0.8121992842075324	0.27368396103434384	0.5385153231731886	0.014979497997203195	0.17282121779526438
Capacity	True	True	False	False	True	Random Forest	0.8157071413334598	0.2834135242113247	0.5322936171221351	0.021201204048256737	0.1630916546182835
Capacity	True	True	True	True	False	ANN	0.8197482875494774	0.28495413713825224	0.5347941504112251	0.018700670759166645	0.16155104169135598
Capacity	True	True	True	True	False	CART	0.8380104761679031	0.31891872674267024	0.5190917494252328	0.03440307174515892	0.12758645208693797
Capacity	True	True	True	True	False	Linear SVM	0.8349173994453793	0.30728117371003294	0.5276362257353464	0.02585859543504539	0.13922400511957528
Capacity	True	True	True	True	False	RBF SVM	0.839432580408144	0.312068924652177	0.5273636557559669	0.026131165414424878	0.1344362541774312
Capacity	True	True	True	True	False	Random Forest	0.817875850299827	0.2870635917612761	0.5308122585385509	0.022682562631840913	0.1594415870683321
Capacity	True	True	True	True	True	ANN	0.8281861060415728	0.33193098054087367	0.4962551255006992	0.057239695669692586	0.11457419828873457
Capacity	True	True	True	True	True	CART	0.8277120712948259	0.3277239221634946	0.4999881491313313	0.05350667203906046	0.11878125666611362
Capacity	True	True	True	True	True	Linear SVM	0.8400014221042402	0.3091773126970207	0.5308241094072196	0.02267071176317224	0.13732786613258752
Capacity	True	True	True	True	True	RBF SVM	0.8419805171719087	0.3117015477234481	0.5302789694484605	0.02321585172193122	0.1348036311061601
Capacity	True	True	True	True	True	Random Forest	0.8240027494015312	0.2915550709867033	0.5324476784148278	0.021047142755563984	0.1549501078429049
Flow	False	False	False	False	False	ANN	0.7792420184399517	0.26576758076366996	0.5134744376762816	0.04002038349411012	0.18073759806593823
Flow	False	False	False	False	False	CART	0.8139650636391648	0.2820269725770899	0.5319380910620749	0.02155673010831694	0.1644782062525183
Flow	False	False	False	False	False	Linear SVM	0.8076366997700931	0.279194614965277	0.5284420848048162	0.025052736365575597	0.16731056386433127
Flow	False	False	False	False	False	RBF SVM	0.8041762461188405	0.28084188571022256	0.5233343604086179	0.03016046076177384	0.16566329311938566
Flow	False	False	False	False	False	Random Forest	0.8102083382711953	0.2958924889194378	0.5143158493517574	0.039178971818634306	0.1506126899101704
Flow	False	False	False	False	True	ANN	0.7908795714725889	0.2823350951624754	0.5085444763101136	0.04495034486027826	0.1641700836671328
Flow	False	False	False	False	True	CART	0.8213007513450736	0.29207650920812495	0.5292242421369486	0.02427057903344315	0.15442866962148324
Flow	False	False	False	False	True	Linear SVM	0.8121400298641891	0.2808774383162286	0.5312625915479605	0.022232229622431324	0.16562774051337964
Flow	False	False	False	False	True	RBF SVM	0.8073996823967197	0.2818373586783911	0.5255623237183286	0.027932497452063235	0.1646678201512171
Flow	False	False	False	False	True	Random Forest	0.8127681259036288	0.27326918063094024	0.5394989452726885	0.013995875897703302	0.17323599819866797
Flow	False	False	True	True	False	ANN	0.8050769121376596	0.3034888957360575	0.5015880164016022	0.051906804768789554	0.14301628309355074
Flow	False	False	True	True	False	CART	0.8393022208527885	0.31993790144817613	0.5193643194046124	0.034130501765779434	0.12656727738143206
Flow	False	False	True	True	False	Linear SVM	0.8353914341921262	0.308584769263587	0.5268066649285392	0.02668815624185253	0.1379204095660212
Flow	False	False	True	True	False	RBF SVM	0.8410205968097462	0.3178165959564836	0.5232040008532626	0.030290820317129246	0.1286885828731246
Flow	False	False	True	True	False	Random Forest	0.8330686639330663	0.30465028086558743	0.5284183830674788	0.025076438102912945	0.14185489796402076
Flow	False	False	True	True	True	ANN	0.8094735844137375	0.3258870375198502	0.4835865468938873	0.06990827427650446	0.12061814130975801
Flow	False	False	True	True	True	CART	0.8437225948662037	0.32734469436609703	0.5163779005001067	0.03711692067028513	0.11916048446351117
Flow	False	False	True	True	True	Linear SVM	0.8408902372543907	0.3103386978265507	0.5305515394278401	0.022943281742551728	0.13616648100305753
Flow	False	False	True	True	True	RBF SVM	0.8415894385058424	0.31620487781754403	0.5253845606882984	0.02811026048209334	0.1303003010120642
Flow	False	False	True	True	True	Random Forest	0.8279016851935247	0.297444952715034	0.5304567324784907	0.023038088691901118	0.1490602261145742
Flow	False	True	False	False	False	ANN	0.79051219454386	0.27754734422033134	0.5129648503235287	0.04052997084686308	0.16895783460927685
Flow	False	True	False	False	False	CART	0.8187528145813088	0.29546585764736555	0.5232869569339432	0.030207864236448532	0.15103932118224267
Flow	False	True	False	False	False	Linear SVM	0.8116541442487735	0.2798227110047167	0.5318314332440568	0.021663387926335	0.16668246782489157
Flow	False	True	False	False	False	RBF SVM	0.8073285771847076	0.2820743760517646	0.5252542011329431	0.028240620037448746	0.1644308027778436
Flow	False	True	False	False	False	Random Forest	0.8143679931738996	0.28824867862814346	0.5261193145457562	0.027375506624635587	0.15825650020146476
Flow	False	True	False	False	True	ANN	0.7947074020525704	0.2857718470763907	0.5089355549761797	0.044559266194212035	0.16073333175321752
Flow	False	True	False	False	True	CART	0.8221658647578868	0.2990922234599796	0.5230736412979071	0.030421179872484654	0.1474129553696286
Flow	False	True	False	False	True	Linear SVM	0.814356142305231	0.2818492095470598	0.5325069327581712	0.020987888412220615	0.16465596928254841
Flow	False	True	False	False	True	RBF SVM	0.8083951553648883	0.2820032708397526	0.5263918845251357	0.027102936645256096	0.16450190798985564
Flow	False	True	False	False	True	Random Forest	0.8158849043634898	0.292183167026143	0.5237017373373468	0.02979308383304496	0.1543220118034652
Flow	False	True	True	True	False	ANN	0.8163589391102368	0.3082292432035268	0.50812969590671	0.045365125263681826	0.1382759356260814
Flow	False	True	True	True	False	CART	0.8388755895807163	0.32729729089142234	0.5115782986892939	0.04191652248109787	0.11920788793818587
Flow	False	True	True	True	False	Linear SVM	0.8363158019482828	0.31017278566518924	0.5261430162830936	0.02735180488729824	0.13633239316441895
Flow	False	True	True	True	False	RBF SVM	0.8390533526107463	0.31673816690763434	0.5223151857031121	0.03117963546727975	0.12976701192197387
Flow	False	True	True	True	False	Random Forest	0.8329975587210543	0.31259036287359865	0.5204071958474557	0.03308762532293617	0.13391481595600957
Flow	False	True	True	True	True	ANN	0.8207793131236519	0.3183143324405679	0.5024649806830841	0.05102984048730772	0.12819084638904032
Flow	False	True	True	True	True	CART	0.8437344457348723	0.32734469436609703	0.5163897513687753	0.03710506980161646	0.11916048446351117
Flow	False	True	True	True	True	Linear SVM	0.8403095446896257	0.3108127325732976	0.5294968121163282	0.023998009054063664	0.13569244625631058
Flow	False	True	True	True	True	RBF SVM	0.8404517551136498	0.31611007086819465	0.5243416842454552	0.0291531369249366	0.13039510796141357
Flow	False	True	True	True	True	Random Forest	0.8254485553791093	0.2992936882273471	0.5261548671517622	0.027339954018629566	0.14721149060226116
Flow	True	False	False	False	False	ANN	0.7811737100329454	0.2719537342087175	0.509219975824228	0.044274845346163876	0.1745514446208907
Flow	True	False	False	False	False	CART	0.8139650636391648	0.2820269725770899	0.5319380910620749	0.02155673010831694	0.1644782062525183
Flow	True	False	False	False	False	Linear SVM	0.8077433575881112	0.2796686497120239	0.5280747078760873	0.02542011329430447	0.16683652911758431
Flow	True	False	False	False	False	RBF SVM	0.804484368704226	0.2823824986371501	0.5221018700670759	0.03139295110331587	0.1641226801924581
Flow	True	False	False	False	False	Random Forest	0.8085018131829063	0.31016093479652057	0.49834087838638574	0.055153942784006066	0.13634424403308762
Flow	True	False	False	False	True	ANN	0.7868976795999146	0.2726529354601692	0.5142447441397454	0.03925007703064635	0.17385224336943897
Flow	True	False	False	False	True	CART	0.8227465573226518	0.29743310184636534	0.5253134554762864	0.028181365694105377	0.14907207698324287
Flow	True	False	False	False	True	Linear SVM	0.8133251167310563	0.2808655874475599	0.5324595292834965	0.02103529188689531	0.1656395913820483
Flow	True	False	False	False	True	RBF SVM	0.808075181910834	0.284598611078192	0.523476570832642	0.03001825033774976	0.16190656775141618
Flow	True	False	False	False	True	Random Forest	0.8115119338247494	0.323244293806736	0.4882676400180133	0.06522718115237847	0.12326088502287218
Flow	True	False	True	True	False	ANN	0.7996018108127326	0.29994548600412413	0.4996563248086085	0.05383849636178332	0.14655969282548412
Flow	True	False	True	True	False	CART	0.8393022208527885	0.31993790144817613	0.5193643194046124	0.034130501765779434	0.12656727738143206
Flow	True	False	True	True	False	Linear SVM	0.835403285060795	0.3091417600910147	0.5262615249697803	0.027233296200611504	0.13736341873859353
Flow	True	False	True	True	False	RBF SVM	0.8393970278021379	0.3154108696167429	0.523986158185395	0.0295086629849968	0.1310943092128653
Flow	True	False	True	True	False	Random Forest	0.8292645350904221	0.300312862932853	0.5289516721575691	0.02454314901282264	0.14619231589675524
Flow	True	False	True	True	True	ANN	0.8116422933801047	0.31103789907800244	0.5006043943021024	0.052890426868289445	0.1354672797516058
Flow	True	False	True	True	True	CART	0.8437225948662037	0.32734469436609703	0.5163779005001067	0.03711692067028513	0.11916048446351117
Flow	True	False	True	True	True	Linear SVM	0.8407954303050413	0.31022018913986393	0.5305752411651774	0.022919580005214383	0.13628498968974426
Flow	True	False	True	True	True	RBF SVM	0.8419094119598967	0.315588632646773	0.5263207793131236	0.027174041857268138	0.13091654618283521
Flow	True	False	True	True	True	Random Forest	0.8316228579554882	0.2989263112986182	0.5326965466568699	0.02079827451352184	0.14757886753099003
Flow	True	True	False	False	False	ANN	0.7917683866227394	0.28401791851342706	0.5077504681093125	0.04574435306107938	0.1624872603161812
Flow	True	True	False	False	False	CART	0.8202460240335616	0.29903296911663624	0.5212130549169254	0.032281766253466376	0.14747220971297195
Flow	True	True	False	False	False	Linear SVM	0.8124955559242493	0.27987011447939136	0.5326254414448579	0.02086937972553388	0.16663506435021688
Flow	True	True	False	False	False	RBF SVM	0.8081344362541775	0.28410087459410777	0.5240335616600696	0.029461259510322108	0.16240430423550045
Flow	True	True	False	False	False	Random Forest	0.8150908961626887	0.2892915550709867	0.525799341091702	0.027695480078689768	0.1572136237586215
Flow	True	True	False	False	True	ANN	0.7942570690431608	0.2811263065582707	0.5131307624848901	0.04036405868550165	0.1653788722713375
Flow	True	True	False	False	True	CART	0.823244293806736	0.2990092673792989	0.5242350264274371	0.02925979474295466	0.1474959114503093
Flow	True	True	False	False	True	Linear SVM	0.8154108696167429	0.2817425517290417	0.5336683178877012	0.01982650328269062	0.16476262710056647
Flow	True	True	False	False	True	RBF SVM	0.8094498826764002	0.2842193832807945	0.5252304993956057	0.02826432177478609	0.16228579554881373
Flow	True	True	False	False	True	Random Forest	0.8164418951909175	0.2911284397146311	0.5253134554762864	0.028181365694105377	0.15537673911497712
Flow	True	True	True	True	False	ANN	0.8141783792752009	0.31887132326799555	0.4953070560072053	0.05818776516318646	0.12763385556161266
Flow	True	True	True	True	False	CART	0.8388755895807163	0.32729729089142234	0.5115782986892939	0.04191652248109787	0.11920788793818587
Flow	True	True	True	True	False	Linear SVM	0.8365765210589936	0.3105994169372615	0.5259771041217322	0.027517717048659667	0.1359057618923467
Flow	True	True	True	True	False	RBF SVM	0.8387689317626982	0.31530421179872486	0.5234647199639734	0.03003010120641843	0.13120096703088335
Flow	True	True	True	True	False	Random Forest	0.8193216562774052	0.2961058045554739	0.5232158517219312	0.030278969448460574	0.1503993742741343
Flow	True	True	True	True	True	ANN	0.8204000853262544	0.31900168282335095	0.5013984025029035	0.05209641866748833	0.12750349600625727
Flow	True	True	True	True	True	CART	0.8437344457348723	0.32734469436609703	0.5163897513687753	0.03710506980161646	0.11916048446351117
Flow	True	True	True	True	True	Linear SVM	0.8403925007703065	0.31084828517930363	0.5295442155910028	0.02395060557938897	0.13565689365030456
Flow	True	True	True	True	True	RBF SVM	0.8402028868716077	0.3152805100613875	0.5249223768102201	0.0285724443601716	0.1312246687682207
Flow	True	True	True	True	True	Random Forest	0.827344694366097	0.3001706525088289	0.5271740418572681	0.02632077931312365	0.1463345263207793
Reactance	False	False	False	False	False	ANN	0.7981086013604797	0.25428408902372546	0.5438245123367543	0.009670308833637505	0.19222108980588276
Reactance	False	False	False	False	False	CART	0.8163944917162428	0.2867317674385532	0.5296627242776896	0.023832096892702236	0.15977341139105497
Reactance	False	False	False	False	False	Linear SVM	0.8068900950439667	0.2774406864023133	0.5294494086416535	0.024045412528738357	0.16906449242729493
Reactance	False	False	False	False	False	RBF SVM	0.8069849019933161	0.2727121898035126	0.5342727121898035	0.019222108980588275	0.1737929890260956
Reactance	False	False	False	False	False	Random Forest	0.8121637316015264	0.3147472209712972	0.4974165106302292	0.056078310540162594	0.13175795785831101
Reactance	False	False	False	False	True	ANN	0.8070560072053281	0.2656609229456519	0.5413950842596762	0.012099736910715555	0.1808442558839563
Reactance	False	False	False	False	True	CART	0.8243819771989287	0.30339408878670804	0.5209878884122207	0.032506932758171174	0.14311109004290015
Reactance	False	False	False	False	True	Linear SVM	0.812033372046171	0.2790405536725842	0.5329928183735868	0.020502002796805006	0.167464625157024
Reactance	False	False	False	False	True	RBF SVM	0.810871986916641	0.27037756867578394	0.5404944182408571	0.013000402929534735	0.17612761015382428
Reactance	False	False	False	False	True	Random Forest	0.814972387476002	0.27854281718849994	0.536429570287502	0.017065250882889717	0.16796236164110828
Reactance	False	False	True	True	False	ANN	0.812649617216942	0.2752127230926027	0.5374368941243393	0.016057927046052474	0.17129245573700552
Reactance	False	False	True	True	False	CART	0.8397407029935294	0.31900168282335095	0.5207390201701785	0.03275580100021332	0.12750349600625727
Reactance	False	False	True	True	False	Linear SVM	0.8350477590007348	0.30768410324476786	0.5273636557559669	0.026131165414424878	0.13882107558484036
Reactance	False	False	True	True	False	RBF SVM	0.8415183332938304	0.3144983527292551	0.5270199805645753	0.026474840605816407	0.13200682610035316
Reactance	False	False	True	True	False	Random Forest	0.834384110355289	0.3060960868431656	0.5282880235121235	0.025206797658268353	0.1404090919864426
Reactance	False	False	True	True	True	ANN	0.8236116707354649	0.2853096631983124	0.5383020075371525	0.015192813633239316	0.16119551563129578
Reactance	False	False	True	True	True	CART	0.844220331350288	0.32645587921594654	0.5177644521343414	0.03573036903605034	0.12004929961366168
Reactance	False	False	True	True	True	Linear SVM	0.8403095446896257	0.30931952312104477	0.530990021568581	0.022504799601810812	0.13718565570856345
Reactance	False	False	True	True	True	RBF SVM	0.8426441658173545	0.3130051432770022	0.5296390225403522	0.02385579863003958	0.133500035552606
Reactance	False	False	True	True	True	Random Forest	0.8416131402431798	0.31845654286459196	0.5231565973785879	0.03033822379180394	0.12804863596501623
Reactance	False	True	False	False	False	ANN	0.8035007466047261	0.2692280344149226	0.5342727121898035	0.019222108980588275	0.1772771444146856
Reactance	False	True	False	False	False	CART	0.8145931596786045	0.2807707804982105	0.5338223791803939	0.019672441989997867	0.1657343983313977
Reactance	False	True	False	False	False	Linear SVM	0.8069374985186414	0.2774406864023133	0.5294968121163282	0.023998009054063664	0.16906449242729493
Reactance	False	True	False	False	False	RBF SVM	0.805645753833756	0.27004574435306106	0.535600009480695	0.017894811689696855	0.17645943447654713
Reactance	False	True	False	False	False	Random Forest	0.8094854352824062	0.3062738498731957	0.5032115854092105	0.050283235761181294	0.1402313289564125
Reactance	False	True	False	False	True	ANN	0.8057168590457681	0.2677585267000071	0.537958332345761	0.015536488824630846	0.1787466521296011
Reactance	False	True	False	False	True	CART	0.8243819771989287	0.30339408878670804	0.5209878884122207	0.032506932758171174	0.14311109004290015
Reactance	False	True	False	False	True	Linear SVM	0.8129814415396649	0.278068782441753	0.5349126590979119	0.018582162072479914	0.16843639638785524
Reactance	False	True	False	False	True	RBF SVM	0.8103861013012253	0.2696428148183262	0.5407432864828992	0.012751534687492593	0.17686236401128203
Reactance	False	True	False	False	True	Random Forest	0.8130169941456709	0.30579981512644877	0.5072171790192221	0.04627764215116968	0.14070536370315945
Reactance	False	True	True	True	False	ANN	0.8226280486359651	0.28926785333364935	0.5333601953023157	0.02013462586807613	0.15723732549595884
Reactance	False	True	True	True	False	CART	0.8310421653907232	0.3410087459410775	0.4900334194496457	0.06346140172074613	0.10549643288853074
Reactance	False	True	True	True	False	Linear SVM	0.8344907681733071	0.3082292432035268	0.5262615249697803	0.027233296200611504	0.1382759356260814
Reactance	False	True	True	True	False	RBF SVM	0.8417553506672039	0.31405987058851415	0.5276954800786897	0.02579934109170202	0.13244530824109407
Reactance	False	True	True	True	False	Random Forest	0.8413405702638004	0.3154582730914176	0.5258822971723828	0.027612523998009054	0.1310469057381906
Reactance	False	True	True	True	True	ANN	0.8281742551729042	0.3016875636984191	0.5264866914744851	0.02700812969590671	0.14481761513118913
Reactance	False	True	True	True	True	CART	0.844220331350288	0.32645587921594654	0.5177644521343414	0.03573036903605034	0.12004929961366168
Reactance	False	True	True	True	True	Linear SVM	0.8403450972956318	0.3093432248583821	0.5310018724372496	0.02249294873314214	0.1371619539712261
Reactance	False	True	True	True	True	RBF SVM	0.8425730606053423	0.3128629328529781	0.5297101277523643	0.023784693418027542	0.13364224597663008
Reactance	False	True	True	True	True	Random Forest	0.8328079448223554	0.3059064729444668	0.5269014718778886	0.026593349292503142	0.14059870588514137
Reactance	True	False	False	False	False	ANN	0.8010002133156361	0.25811191960370694	0.542888293711929	0.010606527458462705	0.18839325922590125
Reactance	True	False	False	False	False	CART	0.8163944917162428	0.2867317674385532	0.5296627242776896	0.023832096892702236	0.15977341139105497
Reactance	True	False	False	False	False	Linear SVM	0.8077196558507739	0.2793249745206324	0.5283946813301414	0.02510013984025029	0.16718020430897584
Reactance	True	False	False	False	False	RBF SVM	0.8068663933066293	0.2742883553364462	0.5325780379701832	0.020916783200208577	0.17221682349316206
Reactance	True	False	False	False	False	Random Forest	0.8080159275674907	0.27844801023915056	0.5295679173283402	0.023926903842051622	0.1680571685904577
Reactance	True	False	False	False	True	ANN	0.8050887630063284	0.2626863549098149	0.5424024080965135	0.011092413073878316	0.18381882391979332
Reactance	True	False	False	False	True	CART	0.8243819771989287	0.30339408878670804	0.5209878884122207	0.032506932758171174	0.14311109004290015
Reactance	True	False	False	False	True	Linear SVM	0.8131118010950202	0.2788509397738854	0.5342608613211348	0.01923395984925695	0.1676542390557228
Reactance	True	False	False	False	True	RBF SVM	0.8120452229148396	0.27162190988599466	0.540423313028845	0.013071508141546775	0.17488326894361356
Reactance	True	False	False	False	True	Random Forest	0.8171173947050319	0.2872769073973122	0.5298404873077197	0.023654333862672135	0.15922827143229598
Reactance	True	False	True	True	False	ANN	0.8130525467516769	0.29086772060392024	0.5221848261477566	0.03130999502263516	0.15563745822568795
Reactance	True	False	True	True	False	CART	0.8397407029935294	0.31900168282335095	0.5207390201701785	0.03275580100021332	0.12750349600625727
Reactance	True	False	True	True	False	Linear SVM	0.8349411011827167	0.3084307079708943	0.5265103932118225	0.026984427958569365	0.13807447085871394
Reactance	True	False	True	True	False	RBF SVM	0.8409139389917281	0.3134554762864118	0.5274584627053163	0.02603635846507549	0.13304970254319642
Reactance	True	False	True	True	False	Random Forest	0.8344078120926264	0.31112085515868315	0.5232869569339432	0.030207864236448532	0.13538432367092507
Reactance	True	False	True	True	True	ANN	0.8241331089568865	0.2996373634187386	0.5244957455381479	0.028999075632243843	0.14686781541086963
Reactance	True	False	True	True	True	CART	0.844220331350288	0.32645587921594654	0.5177644521343414	0.03573036903605034	0.12004929961366168
Reactance	True	False	True	True	True	Linear SVM	0.8401436325282643	0.309058804010334	0.5310848285179304	0.022409992652461425	0.13744637481927424
Reactance	True	False	True	True	True	RBF SVM	0.8430115427460833	0.3121992842075324	0.5308122585385509	0.022682562631840913	0.1343058946220758
Reactance	True	False	True	True	True	Random Forest	0.8389585456613969	0.31641819345358013	0.5225403522078168	0.030954468962574956	0.13008698537602806
Reactance	True	True	False	False	False	ANN	0.8048161930269488	0.27796212462373493	0.5268540684032139	0.026640752767177835	0.1685430542058733
Reactance	True	True	False	False	False	CART	0.8145931596786045	0.2807707804982105	0.5338223791803939	0.019672441989997867	0.1657343983313977
Reactance	True	True	False	False	False	Linear SVM	0.8077315067194425	0.2793249745206324	0.5284065321988102	0.025088288971581617	0.16718020430897584
Reactance	True	True	False	False	False	RBF SVM	0.80677158635728	0.27540233699130146	0.5313692493659785	0.022125571804413262	0.17110284183830674
Reactance	True	True	False	False	False	Random Forest	0.8093550757270508	0.31088383778530965	0.49847123794174114	0.05502358322865066	0.13562134104429854
Reactance	True	True	False	False	True	ANN	0.8044014126235453	0.26346851224194734	0.540932900381598	0.01256192078879382	0.18303666658766088
Reactance	True	True	False	False	True	CART	0.8243819771989287	0.30339408878670804	0.5209878884122207	0.032506932758171174	0.14311109004290015
Reactance	True	True	False	False	True	Linear SVM	0.8140480197198454	0.27783176506837953	0.5362162546514659	0.01727856651892584	0.16867341376122869
Reactance	True	True	False	False	True	RBF SVM	0.8120096703088336	0.2716574624920007	0.540352207816833	0.013142613353558815	0.17484771633760754
Reactance	True	True	False	False	True	Random Forest	0.8166315090896162	0.28064042094285513	0.5359910881467611	0.017503733023630633	0.1658647578867531
Reactance	True	True	True	True	False	ANN	0.819143893247375	0.28821312602213744	0.5309307672252376	0.02256405394515418	0.1582920528074708
Reactance	True	True	True	True	False	CART	0.8310421653907232	0.3410087459410775	0.4900334194496457	0.06346140172074613	0.10549643288853074
Reactance	True	True	True	True	False	Linear SVM	0.8347040838093432	0.30870327795027375	0.5260008058590695	0.02749401531132232	0.13780190087933444
Reactance	True	True	True	True	False	RBF SVM	0.8411035528904268	0.3122822402882131	0.5288213126022138	0.024673508568178047	0.13422293854139508
Reactance	True	True	True	True	False	Random Forest	0.8219881017278566	0.29324974520632363	0.528738356521533	0.02475646464885876	0.1532554336232846
Reactance	True	True	True	True	True	ANN	0.8276054134768078	0.3117133985921168	0.515892014884691	0.03760280628570074	0.13479178023749142
Reactance	True	True	True	True	True	CART	0.844220331350288	0.32645587921594654	0.5177644521343414	0.03573036903605034	0.12004929961366168
Reactance	True	True	True	True	True	Linear SVM	0.8402502903462824	0.309129909222346	0.5311203811239363	0.022374440046455404	0.1373752696072622
Reactance	True	True	True	True	True	RBF SVM	0.843023393614752	0.31217558247019506	0.5308478111445569	0.022647010025834895	0.13432959635941313
Reactance	True	True	True	True	True	Random Forest	0.8238605389775071	0.3305799815126449	0.49328055746486216	0.06021426370552962	0.11592519731696334
Residue	False	False	False	False	False	ANN	0.8028607996966177	0.26466544997748337	0.5381953497191344	0.015299471451257377	0.18183972885212485
Residue	False	False	False	False	False	CART	0.8192387001967244	0.28520300538029436	0.5340356948164301	0.019459126353961746	0.16130217344931383
Residue	False	False	False	False	False	Linear SVM	0.806190893792515	0.2762200469294399	0.529970846863075	0.023523974307316727	0.17028513190016828
Residue	False	False	False	False	False	RBF SVM	0.8053850347230452	0.27210779550141023	0.533277239221635	0.020217581948756842	0.17439738332819796
Residue	False	False	False	False	False	Random Forest	0.8092247161716953	0.3088928918489725	0.5003318243227228	0.05316299684766893	0.13761228698063568
Residue	False	False	False	False	True	ANN	0.8060723851058282	0.2670593254485554	0.5390130596572729	0.014481761513118911	0.17944585338105284
Residue	False	False	False	False	True	CART	0.8271432295987295	0.2930364295702875	0.5341068000284421	0.019388021141949704	0.15346874925932072
Residue	False	False	False	False	True	Linear SVM	0.8108245834419663	0.27872058021853	0.5321040032234363	0.021390817946955513	0.1677845986110782
Residue	False	False	False	False	True	RBF SVM	0.8096869000497736	0.2716574624920007	0.538029437557773	0.015465383612618806	0.17484771633760754
Residue	False	False	False	False	True	Random Forest	0.8140243179825081	0.28059301746818044	0.5334313005143277	0.02006352065606409	0.16591216136142778
Residue	False	False	True	True	False	ANN	0.8125074067929179	0.3122466876822071	0.5002607191107108	0.053234102059680974	0.1342584911474011
Residue	False	False	True	True	False	CART	0.8341826455879215	0.3380578796425778	0.49612476594534377	0.057370055225048	0.10844729918703042
Residue	False	False	True	True	False	Linear SVM	0.8341826455879215	0.30820554146618945	0.5259771041217322	0.027517717048659667	0.13829963736341874
Residue	False	False	True	True	False	RBF SVM	0.8406887724870233	0.3160389656561826	0.5246498068308407	0.02884501433955109	0.1304662131734256
Residue	False	False	True	True	False	Random Forest	0.8434974283614989	0.32569742362115145	0.5178000047403475	0.035694816430044324	0.12080775520845678
Residue	False	False	True	True	True	ANN	0.824441231542272	0.2923253774501671	0.5321158540921049	0.021378967078286838	0.15417980137944112
Residue	False	False	True	True	True	CART	0.8408665355170534	0.32669289658932	0.5141736389277334	0.03932118224265839	0.11981228224028821
Residue	False	False	True	True	True	Linear SVM	0.8391363086914271	0.31045720651323744	0.5286791021781897	0.02481571899220213	0.13604797231637078
Residue	False	False	True	True	True	RBF SVM	0.8416486928491859	0.31436799317389963	0.5272806996752862	0.026214121495105592	0.13213718565570856
Residue	False	False	True	True	True	Random Forest	0.8423360432319689	0.32164442653646513	0.5206916166955038	0.032803204474888006	0.12486075229314308
Residue	False	True	False	False	False	ANN	0.7998625299234434	0.2594629186319357	0.5403996112915077	0.013095209878884122	0.18704226019767248
Residue	False	True	False	False	False	CART	0.8190490862980256	0.28494228626958357	0.5341068000284421	0.019388021141949704	0.16156289256002465
Residue	False	True	False	False	False	Linear SVM	0.8086914270816051	0.27502310919390394	0.5336683178877012	0.01982650328269062	0.1714820696357043
Residue	False	True	False	False	False	RBF SVM	0.807387831528051	0.2712900855632718	0.5360977459647792	0.01739707520561257	0.1752150932663364
Residue	False	True	False	False	False	Random Forest	0.8106942238866109	0.2844208480481619	0.5262733758384489	0.02722144533194283	0.16208433078144627
Residue	False	True	False	False	True	ANN	0.8071034106800028	0.26889621009219977	0.5382072005878031	0.015287620582588703	0.17760896873740845
Residue	False	True	False	False	True	CART	0.8271195278613922	0.2930482804389562	0.5340712474224361	0.019423573747955725	0.15345689839065205
Residue	False	True	False	False	True	Linear SVM	0.8120096703088336	0.2782702472091204	0.5337394230997132	0.01975539807067858	0.16823493162048778
Residue	False	True	False	False	True	RBF SVM	0.809781706999123	0.2720840937640729	0.5376976132350502	0.01579720793534166	0.1744210850655353
Residue	False	True	False	False	True	Random Forest	0.8146998174966225	0.2854637244910052	0.5292360930056174	0.02425872816477448	0.161041454338603
Residue	False	True	True	True	False	ANN	0.8197838401554834	0.2873124600033182	0.5324713801521651	0.021023441018226636	0.15919271882628996
Residue	False	True	True	True	False	CART	0.8341826455879215	0.3380578796425778	0.49612476594534377	0.057370055225048	0.10844729918703042
Residue	False	True	True	True	False	Linear SVM	0.8334597425991325	0.307352278922045	0.5261074636770875	0.02738735749330426	0.13915289990756322
Residue	False	True	True	True	False	RBF SVM	0.8393496243274632	0.3151857031120381	0.5241639212154251	0.0293308999549667	0.1313194757175701
Residue	False	True	True	True	False	Random Forest	0.8442914365623	0.32395534592685643	0.5203360906354436	0.033158730534948215	0.12254983290275177
Residue	False	True	True	True	True	ANN	0.8290986229290607	0.3119741177028276	0.5171245052262331	0.03637031594415871	0.1345310611267806
Residue	False	True	True	True	True	CART	0.8408665355170534	0.32669289658932	0.5141736389277334	0.03932118224265839	0.11981228224028821
Residue	False	True	True	True	True	Linear SVM	0.8391363086914271	0.31045720651323744	0.5286791021781897	0.02481571899220213	0.13604797231637078
Residue	False	True	True	True	True	RBF SVM	0.8410087459410774	0.3136569410537792	0.5273518048872983	0.02614301628309355	0.13284823777582896
Residue	False	True	True	True	True	Random Forest	0.8397407029935294	0.31653670214026686	0.5232040008532626	0.030290820317129246	0.12996847668934133
Residue	True	False	False	False	False	ANN	0.7968524092816004	0.2555639828399422	0.5412884264416582	0.012206394728733616	0.19094119598966605
Residue	True	False	False	False	False	CART	0.8189187267426702	0.2852267071176317	0.5336920196250385	0.019802801545353275	0.16127847171197648
Residue	True	False	False	False	False	Linear SVM	0.806807138963286	0.2789575975919035	0.5278495413713825	0.02564527979900927	0.16754758123770472
Residue	True	False	False	False	False	RBF SVM	0.806261999004527	0.27616079258609655	0.5301012064184305	0.02339361475196132	0.17034438624351164
Residue	True	False	False	False	False	Random Forest	0.8076959541134365	0.29119954492664313	0.5164964091867934	0.0369984119835984	0.1553056339029651
Residue	True	False	False	False	True	ANN	0.807316726316039	0.2693465431016093	0.5379701832144296	0.015524637955962171	0.17715863572799886
Residue	True	False	False	False	True	CART	0.8270839752553862	0.29341565736768505	0.5336683178877012	0.01982650328269062	0.15308952146192317
Residue	True	False	False	False	True	Linear SVM	0.811962266834159	0.27853096631983126	0.5334313005143277	0.02006352065606409	0.16797421250977695
Residue	True	False	False	False	True	RBF SVM	0.8109193903913157	0.27291365457088007	0.5380057358204356	0.015489085349956152	0.17359152425872817
Residue	True	False	False	False	True	Random Forest	0.8142376336185443	0.2809011400535659	0.5333364935649784	0.020158327605413476	0.1656040387760423
Residue	True	False	True	True	False	ANN	0.8149605366073334	0.30425920219952124	0.5107013344078121	0.0427934867625797	0.14224597663008698
Residue	True	False	True	True	False	CART	0.8341826455879215	0.3380578796425778	0.49612476594534377	0.057370055225048	0.10844729918703042
Residue	True	False	True	True	False	Linear SVM	0.8340404351638975	0.3088099357682918	0.5252304993956057	0.02826432177478609	0.1376952430613164
Residue	True	False	True	True	False	RBF SVM	0.8398710625488849	0.31409542319452016	0.5257756393543647	0.027719181816027116	0.13240975563508806
Residue	True	False	True	True	False	Random Forest	0.8323576118129459	0.3063686568225451	0.5259889549904008	0.027505866179990995	0.1401365220070631
Residue	True	False	True	True	True	ANN	0.8241212580882179	0.3000047403474675	0.5241165177407504	0.029378303429641393	0.14650043848214075
Residue	True	False	True	True	True	CART	0.8408665355170534	0.32669289658932	0.5141736389277334	0.03932118224265839	0.11981228224028821
Residue	True	False	True	True	True	Linear SVM	0.838922993055391	0.31008982958450854	0.5288331634708824	0.024661657699509374	0.13641534924509965
Residue	True	False	True	True	True	RBF SVM	0.8417790524045412	0.3133725202057311	0.5284065321988102	0.025088288971581617	0.13313265862387713
Residue	True	False	True	True	True	Random Forest	0.8282098077789102	0.29926998649000974	0.5289398212889005	0.024554999881491315	0.1472351923395985
Residue	True	True	False	False	False	ANN	0.8048991491076296	0.2667393519945012	0.5381597971131284	0.015335024057263398	0.179765826835107
Residue	True	True	False	False	False	CART	0.8187291128439714	0.2849659880069209	0.5337631248370506	0.019731696333341233	0.1615391908226873
Residue	True	True	False	False	False	Linear SVM	0.8087269796876111	0.2756393543646749	0.5330876253229362	0.02040719584745562	0.17086582446493329
Residue	True	True	False	False	False	RBF SVM	0.8081581379915148	0.2739920836197293	0.5341660543717854	0.019328766798606338	0.1725130952098789
Residue	True	True	False	False	False	Random Forest	0.8103861013012253	0.2867436183072219	0.5236424829940035	0.02985233817638833	0.1597615605223863
Residue	True	True	False	False	True	ANN	0.8070678580739968	0.2687658505368444	0.5383020075371525	0.015192813633239316	0.17773932829276387
Residue	True	True	False	False	True	CART	0.8270839752553862	0.29341565736768505	0.5336683178877012	0.01982650328269062	0.15308952146192317
Residue	True	True	False	False	True	Linear SVM	0.8129340380649902	0.2782346946031144	0.5346993434618758	0.018795477708516035	0.1682704842264938
Residue	True	True	False	False	True	RBF SVM	0.8108127325732977	0.27394468014505463	0.536868052428243	0.0166267687421488	0.1725604986845536
Residue	True	True	False	False	True	Random Forest	0.8140835723258515	0.2808300348415539	0.5332535374842976	0.02024128368609419	0.16567514398805433
Residue	True	True	True	True	False	ANN	0.8247019506529829	0.30812258538550874	0.516579365267474	0.036915455902917685	0.13838259344409945
Residue	True	True	True	True	False	CART	0.8341826455879215	0.3380578796425778	0.49612476594534377	0.057370055225048	0.10844729918703042
Residue	True	True	True	True	False	Linear SVM	0.8338982247398734	0.3080988836481714	0.525799341091702	0.027695480078689768	0.1384062951814368
Residue	True	True	True	True	False	RBF SVM	0.8388992913180536	0.3134554762864118	0.5254438150316418	0.02805100613874997	0.13304970254319642
Residue	True	True	True	True	False	Random Forest	0.8301533502405727	0.3071626650233462	0.5229906852172265	0.030504135953165368	0.139342513806262
Residue	True	True	True	True	True	ANN	0.8289801142423739	0.3045673247849067	0.5244127894574673	0.029082031712924557	0.14193785404470147
Residue	True	True	True	True	True	CART	0.8408665355170534	0.32669289658932	0.5141736389277334	0.03932118224265839	0.11981228224028821
Residue	True	True	True	True	True	Linear SVM	0.8389348439240596	0.31016093479652057	0.5287739091275391	0.02472091204285274	0.13634424403308762
Residue	True	True	True	True	True	RBF SVM	0.841316868526463	0.3130525467516769	0.5282643217747861	0.025230499395605697	0.13345263207793132
Residue	True	True	True	True	True	Random Forest	0.8187172619753028	0.2925149913488659	0.5262022706264369	0.027292550543954873	0.15399018748074234
Unweighted	False	False	False	False	False	ANN	0.8643905098243702	0.32327984641274204	0.5411106634116281	0.012384157758763717	0.12322533241686616
Unweighted	False	False	False	False	False	CART	0.8742385816880377	0.33821194093527057	0.5360266407527672	0.017468180417624612	0.10829323789433766
Unweighted	False	False	False	False	False	Linear SVM	0.8684909103837312	0.32931193856509683	0.5391789718186343	0.014315849351757485	0.11719324026451139
Unweighted	False	False	False	False	False	RBF SVM	0.8688345855751226	0.32825721125358487	0.5405773743215377	0.012917446848854021	0.11824796757602332
Unweighted	False	False	False	False	False	Random Forest	0.8742385816880377	0.33821194093527057	0.5360266407527672	0.017468180417624612	0.10829323789433766
Unweighted	False	False	False	False	True	ANN	0.8685501647270745	0.32847052688962103	0.5400796378374535	0.013415183332938304	0.1180346519399872
Unweighted	False	False	False	False	True	CART	0.8790618852361878	0.3461283212059444	0.5329335640302434	0.02056125714014837	0.10037685762366381
Unweighted	False	False	False	False	True	Linear SVM	0.8728875826598089	0.3347633381526866	0.5381242445071224	0.015370576663269417	0.11174184067692162
Unweighted	False	False	False	False	True	RBF SVM	0.8712403119148634	0.3311369723400725	0.5401033395747908	0.013391481595600958	0.11536820648953568
Unweighted	False	False	False	False	True	Random Forest	0.8783152805100614	0.34552392690384204	0.5327913536062193	0.020703467564172455	0.10098125192576615
Unweighted	False	False	True	True	False	ANN	0.8632409755635088	0.3232916972814107	0.539949278282098	0.013545542888293712	0.12321348154819749
Unweighted	False	False	True	True	False	CART	0.8794411130335854	0.34765708326420325	0.5317840297693821	0.021710791401009694	0.09884809556540494
Unweighted	False	False	True	True	False	Linear SVM	0.8739778625773269	0.3379156692185537	0.5360621933587733	0.01743262781161859	0.10858950961105449
Unweighted	False	False	True	True	False	RBF SVM	0.8752577563935436	0.33814083572325854	0.5371169206702852	0.01637790050010666	0.1083643431063497
Unweighted	False	False	True	True	False	Random Forest	0.8771420445118627	0.34663790855869736	0.5305041359531654	0.02299068521722642	0.09986727027091086
Unweighted	False	False	True	True	True	ANN	0.8685857173330805	0.3306629375933256	0.5379227797397549	0.015572041430636866	0.11584224123628262
Unweighted	False	False	True	True	True	CART	0.8826289967054585	0.3556801213528952	0.5269488753525633	0.026545945817828445	0.09082505747671304
Unweighted	False	False	True	True	True	Linear SVM	0.876513948472423	0.3409968950724088	0.5355170534000142	0.01797776777037757	0.10550828375719941
Unweighted	False	False	True	True	True	RBF SVM	0.8772487023298807	0.3404754568509872	0.5367732454788936	0.016721575691498188	0.10602972197862104
Unweighted	False	False	True	True	True	Random Forest	0.8804128842644166	0.34747932023417316	0.5329335640302434	0.02056125714014837	0.09902585859543504
Unweighted	False	True	False	False	False	ANN	0.8693678746652129	0.33027185892725935	0.5390960157379536	0.014398805432438197	0.11623331990234884
Unweighted	False	True	False	False	False	CART	0.8785285961460975	0.34707639069943824	0.5314522054466593	0.02204261572373255	0.09942878813016995
Unweighted	False	True	False	False	False	Linear SVM	0.8727572231044536	0.3344315138299637	0.5383257092744899	0.01516911189590197	0.11207366499964447
Unweighted	False	True	False	False	False	RBF SVM	0.8710625488848333	0.3309592093100424	0.5401033395747908	0.013391481595600958	0.11554596951956578
Unweighted	False	True	False	False	False	Random Forest	0.8783271313787301	0.3451091465004385	0.5332179848782915	0.02027683629210021	0.10139603232916973
Unweighted	False	True	False	False	True	ANN	0.8719750657723211	0.3342300490625963	0.5377450167097249	0.015749804460666966	0.11227512976701193
Unweighted	False	True	False	False	True	CART	0.8790737361048565	0.3461283212059444	0.5329454148989121	0.0205494062714797	0.10037685762366381
Unweighted	False	True	False	False	True	Linear SVM	0.8731246000331825	0.3350240572633974	0.538100542769785	0.015394278400606764	0.1114811215662108
Unweighted	False	True	False	False	True	RBF SVM	0.8703514967647129	0.3299163328671992	0.5404351638975137	0.013059657272878103	0.11658884596240904
Unweighted	False	True	False	False	True	Random Forest	0.8783271313787301	0.3451091465004385	0.5332179848782915	0.02027683629210021	0.10139603232916973
Unweighted	False	True	True	True	False	ANN	0.8685975682017492	0.3307814462800123	0.5378161219217369	0.015678699248654927	0.11572373254959588
Unweighted	False	True	True	True	False	CART	0.8821312602213742	0.3551823848688109	0.5269488753525633	0.026545945817828445	0.09132279396079733
Unweighted	False	True	True	True	False	Linear SVM	0.8763480363110616	0.34080728117371	0.5355407551373516	0.01795406603304022	0.10569789765589818
Unweighted	False	True	True	True	False	RBF SVM	0.8770709392998507	0.3402147377402764	0.5368562015595744	0.016638619610817473	0.10629044108933185
Unweighted	False	True	True	True	False	Random Forest	0.8536299210732147	0.3255907658031334	0.5280391552700813	0.02545566590031049	0.12091441302647483
Unweighted	False	True	True	True	True	ANN	0.8692256642411889	0.33089995496669905	0.5383257092744899	0.01516911189590197	0.11560522386290915
Unweighted	False	True	True	True	True	CART	0.8826289967054585	0.3556801213528952	0.5269488753525633	0.026545945817828445	0.09082505747671304
Unweighted	False	True	True	True	True	Linear SVM	0.8765613519470977	0.3412339124457823	0.5353274395013154	0.018167381669076343	0.10527126638382593
Unweighted	False	True	True	True	True	RBF SVM	0.8773909127539049	0.340771728567704	0.5366191841862008	0.01687563698419094	0.1057334502619042
Unweighted	False	True	True	True	True	Random Forest	0.8822971723827356	0.3516863786115522	0.5306107937711835	0.022884027399208362	0.09481880021805598
Unweighted	True	False	False	False	False	ANN	0.865883719276623	0.3240146002701998	0.5418691190064232	0.011625702163968618	0.12249057855940841
Unweighted	True	False	False	False	False	CART	0.8751985020502003	0.337832713137873	0.5373657889123272	0.016129032258064516	0.1086724656917352
Unweighted	True	False	False	False	False	Linear SVM	0.8691308572918395	0.33059183238131357	0.538539024910526	0.014955796259865848	0.11591334644829467
Unweighted	True	False	False	False	False	RBF SVM	0.8708255315114598	0.3296793154938257	0.5411462160176341	0.012348605152757697	0.11682586333578251
Unweighted	True	False	False	False	False	Random Forest	0.8670688061434904	0.32628996705458513	0.5407788390889052	0.012715982081486573	0.1202152117750231
Unweighted	True	False	False	False	True	ANN	0.8695456376952431	0.3291578772724041	0.540387760422839	0.013107060747552796	0.11734730155720415
Unweighted	True	False	False	False	True	CART	0.8806380507691214	0.34661420682136	0.5340238439477614	0.019470977222630418	0.0998909720082482
Unweighted	True	False	False	False	True	Linear SVM	0.8728994335284777	0.334893697708042	0.5380057358204356	0.015489085349956152	0.11161148112156621
Unweighted	True	False	False	False	True	RBF SVM	0.8730890474271764	0.3322628048635965	0.5408262425635799	0.01266857860681188	0.11424237396601171
Unweighted	True	False	False	False	True	Random Forest	0.8799388495176697	0.34552392690384204	0.5344149226138276	0.019079898556564195	0.10098125192576615
Unweighted	True	False	True	True	False	ANN	0.8652082197625086	0.3248915645516816	0.540316655210827	0.013178165959564836	0.12161361427792657
Unweighted	True	False	True	True	False	CART	0.880543243819772	0.3472897063354744	0.5332535374842976	0.02024128368609419	0.09921547249413382
Unweighted	True	False	True	True	False	Linear SVM	0.873539380436586	0.3374534853404755	0.5360858950961106	0.017408926074281246	0.10905169348913275
Unweighted	True	False	True	True	False	RBF SVM	0.8756843876656158	0.3372994240477827	0.5383849636178332	0.015109857552558602	0.10920575478182551
Unweighted	True	False	True	True	False	Random Forest	0.8762413784930435	0.34579649688322156	0.530444881609822	0.02304993956056979	0.10070868194638667
Unweighted	True	False	True	True	True	ANN	0.8720224692469958	0.33407598776990355	0.5379464814770922	0.015548339693299518	0.11242919105970467
Unweighted	True	False	True	True	True	CART	0.8831859875328861	0.3542106136379797	0.5289753738949065	0.024519447275485294	0.09229456519162854
Unweighted	True	False	True	True	True	Linear SVM	0.8765850536844351	0.3409613424664028	0.5356237112180323	0.017871109952359507	0.10554383636320543
Unweighted	True	False	True	True	True	RBF SVM	0.8774383162285796	0.3397170012561921	0.5377213149723875	0.015773506198004314	0.10678817757341613
Unweighted	True	False	True	True	True	Random Forest	0.8814320589699225	0.34518025171245054	0.536251807257472	0.017243013912919818	0.10132492711715768
Unweighted	True	True	False	False	False	ANN	0.868929392524472	0.32822165864757885	0.5407077338768932	0.012787087293498613	0.11828352018202934
Unweighted	True	True	False	False	False	CART	0.8809224716171695	0.34702898722476355	0.5338934843924059	0.019601336777985826	0.09947619160484464
Unweighted	True	True	False	False	False	Linear SVM	0.8727216704984475	0.33465668033466855	0.538064990163779	0.015429831006612785	0.11184849849493968
Unweighted	True	True	False	False	False	RBF SVM	0.8731483017705198	0.33197838401554836	0.5411699177549715	0.01232490341542035	0.11452679481405988
Unweighted	True	True	False	False	False	Random Forest	0.8794648147709228	0.34529876039913726	0.5341660543717854	0.019328766798606338	0.10120641843047096
Unweighted	True	True	False	False	True	ANN	0.8724253987817308	0.3333412339124458	0.5390841648692849	0.014410656301106871	0.11316394491716243
Unweighted	True	True	False	False	True	CART	0.8806261999004527	0.34661420682136	0.5340119930790928	0.019482828091299094	0.0998909720082482
Unweighted	True	True	False	False	True	Linear SVM	0.872852030053803	0.3348462942333673	0.5380057358204356	0.015489085349956152	0.1116588845962409
Unweighted	True	True	False	False	True	RBF SVM	0.8720224692469958	0.33257092744898203	0.5394515417980138	0.014043279372377995	0.1139342513806262
Unweighted	True	True	False	False	True	Random Forest	0.8749970372828328	0.33769050271384893	0.5373065345689839	0.01618828660140788	0.10881467611575929
Unweighted	True	True	True	True	False	ANN	0.8702092863406887	0.33207319096489774	0.538136095375791	0.015358725794600745	0.11443198786471048
Unweighted	True	True	True	True	False	CART	0.8828067597354886	0.35354696499253396	0.5292597947429547	0.02423502642743713	0.09295821383707426
Unweighted	True	True	True	True	False	Linear SVM	0.8763361854423929	0.3406887724870233	0.5356474129553697	0.017847408215022162	0.1058164063425849
Unweighted	True	True	True	True	False	RBF SVM	0.8770827901685193	0.339574790832168	0.5375079993363514	0.015986821834040436	0.10693038799744022
Unweighted	True	True	True	True	False	Random Forest	0.881301699414567	0.3528714654784196	0.5284302339361475	0.02506458723424427	0.09363371335118864
Unweighted	True	True	True	True	True	ANN	0.8715484345002489	0.33040221848261475	0.5411462160176341	0.012348605152757697	0.11610296034699344
Unweighted	True	True	True	True	True	CART	0.8833044962195729	0.35404470147661826	0.5292597947429547	0.02423502642743713	0.09246047735298997
Unweighted	True	True	True	True	True	Linear SVM	0.8765376502097604	0.34102059680974617	0.5355170534000142	0.01797776777037757	0.10548458201986205
Unweighted	True	True	True	True	True	RBF SVM	0.8772250005925434	0.34043990424498116	0.5367850963475623	0.016709724822829515	0.10606527458462706
Unweighted	True	True	True	True	True	Random Forest	0.8798440425683203	0.3540684032139556	0.5257756393543647	0.027719181816027116	0.09243677561565262
