Case	Sequence	Load
1	0	2.834
1	1	2.802
1	2	2.778
1	3	2.778
1	4	2.716
1	5	2.6940000000000004
1	6	2.485
1	7	2.379
1	8	2.379
1	9	2.079
1	10	1.89899
1	11	1.899
1	12	1.899
1	13	1
1	14	1
1	15	1
1	16	1
1	17	1
1	18	0.99999
1	19	1
1	20	1
1	21	1
1	22	1
1	23	1
1	24	1
1	25	1
1	26	0.217
1	27	0.217
1	28	0.217
1	29	0.217
1	30	0.217
10	0	2.834
10	1	0.9999999999999999
10	2	1.0000000000000002
10	3	1.0000099999999998
10	4	1.0000100000000003
10	5	0.9999899999999999
10	6	0.722
10	7	0.217
10	8	0.217
10	9	0.217
10	10	0.217
10	11	0.217
10	12	0.217
10	13	0.217
10	14	0.217
10	15	0.217
10	16	0.217
10	17	0.217
10	18	0.217
10	19	0.217
10	20	0.217
10	21	0.217
10	22	0.217
10	23	0.217
10	24	0.217
10	25	0.217
10	26	0.217
10	27	0.217
10	28	0.217
10	29	0.217
10	30	0.217
100	0	2.834
100	1	2.8120000000000003
100	2	2.8120000000000003
100	3	2.777
100	4	2.7150000000000003
100	5	2.6910000000000003
100	6	2.564
100	7	0.9999899999999999
100	8	0.9999800000000001
100	9	0.9999800000000001
100	10	0.217
100	11	0.217
100	12	0.217
100	13	0.217
100	14	0.217
100	15	0.217
100	16	0.217
100	17	0.217
100	18	0.217
100	19	0.217
100	20	0.217
100	21	0.217
100	22	0.217
100	23	0.217
100	24	0.217
100	25	0.217
100	26	0.217
100	27	0.217
100	28	0.217
100	29	0.217
100	30	0.217
11	0	2.834
11	1	2.81
11	2	2.2805
11	3	1.9610100000000004
11	4	1.4109999999999998
11	5	1.1829999999999998
11	6	1.1829999999999998
11	7	1.1829999999999998
11	8	1.1829999999999998
11	9	1.1829999999999998
11	10	1.1829999999999998
11	11	1.1829999999999998
11	12	1.1829999999999998
11	13	1.1829999999999998
11	14	0.241
11	15	0.241
11	16	0.241
11	17	0.241
11	18	0.241
11	19	0.241
11	20	0.241
11	21	0.241
11	22	0.241
11	23	0.241
11	24	0.241
11	25	0.241
11	26	0.217
11	27	0.217
11	28	0.217
11	29	0.217
11	30	0.217
12	0	2.834
12	1	2.81
12	2	2.2805
12	3	1.1105
12	4	0.9429000000000001
12	5	0.9429099999999999
12	6	0.94289
12	7	0.94289
12	8	0.94289
12	9	0.94289
12	10	0.94289
12	11	0.94289
12	12	0.94289
12	13	0.217
12	14	0.217
12	15	0.217
12	16	0.217
12	17	0.217
12	18	0.217
12	19	0.217
12	20	0.217
12	21	0.217
12	22	0.217
12	23	0.217
12	24	0.217
12	25	0.217
12	26	0.217
12	27	0.217
12	28	0.217
12	29	0.217
12	30	0.217
13	0	2.834
13	1	2.28051
13	2	2.2805
13	3	2.2805
13	4	2.2676200000000004
13	5	1.9879099999999996
13	6	1.9879099999999998
13	7	1.7750000000000001
13	8	0.605
13	9	0.491
13	10	0.491
13	11	0.429
13	12	0.429
13	13	0.241
13	14	0.217
13	15	0.217
13	16	0.217
13	17	0.217
13	19	0.217
13	20	0.217
13	21	0.217
13	22	0.217
13	23	0.217
13	24	0.217
13	25	0.217
13	26	0.217
13	27	0.217
13	28	0.217
13	29	0.217
13	30	0.217
14	0	2.834
14	1	2.728
14	2	1.7860000000000003
14	3	1.71231
14	4	1.7123199999999998
14	5	1.553
14	6	1.2530000000000001
14	7	1.1660000000000001
14	8	0.6040000000000001
14	9	0.6040000000000001
14	10	0.5800000000000001
14	11	0.5800000000000001
14	12	0.5800000000000001
14	13	0.5800000000000001
14	14	0.556
14	15	0.556
14	16	0.48
14	17	0.445
14	18	0.445
14	19	0.445
14	20	0.445
14	21	0.445
14	22	0.445
14	23	0.217
14	24	0.217
14	25	0.217
14	26	0.217
14	27	0.217
14	28	0.217
14	29	0.217
14	30	0.217
15	0	2.834
15	1	2.747
15	2	2.685
15	3	2.65
15	4	2.475
15	5	1.59099
15	6	1.5910100000000003
15	7	1.5910100000000003
15	8	1.2150000000000003
15	9	1.2150000000000003
15	10	1.2150000000000003
15	11	1.12
15	12	0.217
15	13	0.217
15	14	0.217
15	15	0.217
15	16	0.217
15	17	0.217
15	18	0.217
15	19	0.217
15	20	0.217
15	21	0.217
15	22	0.217
15	23	0.217
15	24	0.217
15	25	0.217
15	26	0.217
15	27	0.217
15	28	0.217
15	29	0.217
15	30	0.217
16	0	2.834
16	1	2.739
16	2	2.2878999999999996
16	3	2.28791
16	4	2.2568100000000006
16	5	2.2518600000000006
16	6	2.22
16	7	2.1580000000000004
16	8	0.9999800000000001
16	9	1
16	10	1
16	11	1
16	12	1
16	13	1
16	14	1
16	15	0.217
16	16	0.217
16	17	0.217
16	18	0.217
16	19	0.217
16	20	0.217
16	21	0.217
16	22	0.217
16	23	0.217
16	24	0.217
16	25	0.217
16	26	0.217
16	27	0.217
16	28	0.217
16	29	0.217
16	30	0.217
17	0	2.834
17	1	2.834
17	2	2.7720000000000002
17	3	2.6660000000000004
17	4	2.4330000000000003
17	5	2.0909999999999997
17	6	2.079
17	7	2.0029999999999997
17	8	1.9789999999999999
17	9	1.7459999999999998
17	10	1.7459999999999998
17	11	1.4109999999999998
17	12	1.4109999999999998
17	13	1.4109999999999998
17	14	1.4109999999999998
17	15	1.4109999999999998
17	16	1.4109999999999998
17	17	1.4109999999999998
17	18	1.4109999999999998
17	19	1.4109999999999998
17	20	1.4109999999999998
17	21	1.4109999999999998
17	22	1.4109999999999998
17	23	1.4109999999999998
17	24	1.4109999999999998
17	25	1.387
17	26	1.387
17	27	0.217
17	28	0.217
17	29	0.217
17	30	0.217
18	0	2.834
18	1	1.59101
18	2	1.5910000000000004
18	3	1.5910199999999999
18	4	1.5909900000000001
18	5	1.59101
18	6	1.59101
18	7	1.59101
18	8	0.241
18	9	0.241
18	10	0.241
18	11	0.241
18	12	0.241
18	13	0.241
18	14	0.241
18	15	0.241
18	16	0.241
18	17	0.241
18	18	0.241
18	19	0.241
18	20	0.241
18	21	0.241
18	22	0.217
18	23	0.217
18	24	0.217
18	25	0.217
18	26	0.217
18	27	0.217
18	28	0.217
18	29	0.217
18	30	0.217
19	0	2.834
19	1	1.8920000000000003
19	2	1.7620000000000002
19	3	1.7620000000000002
19	4	1.7000000000000002
19	5	1.588
19	6	1
19	7	0.317
19	8	0.317
19	9	0.317
19	10	0.317
19	11	0.317
19	12	0.317
19	13	0.317
19	14	0.317
19	15	0.317
19	16	0.317
19	17	0.317
19	18	0.317
19	19	0.317
19	20	0.293
19	21	0.293
19	22	0.217
19	23	0.217
19	24	0.217
19	25	0.217
19	26	0.217
19	27	0.217
19	28	0.217
19	29	0.217
19	30	0.217
2	0	2.834
2	1	2.802
2	2	2.6270000000000002
2	3	2.532
2	4	2.442
2	5	2.418
2	6	2.38001
2	7	2.38001
2	8	0.217
2	9	0.217
2	10	0.217
2	11	0.217
2	12	0.217
2	13	0.217
2	14	0.217
2	15	0.217
2	16	0.217
2	17	0.217
2	18	0.217
2	19	0.217
2	20	0.217
2	21	0.217
2	22	0.217
2	23	0.217
2	24	0.217
2	25	0.217
2	26	0.217
2	27	0.217
2	28	0.217
2	29	0.217
2	30	0.217
20	0	2.834
20	1	1.8920000000000003
20	2	1.8600000000000003
20	3	1.8250000000000004
20	4	1.5250000000000004
20	5	1.3950000000000002
20	6	1.3950000000000002
20	7	1.1669999999999998
20	8	1.0499999999999998
20	9	0.96
20	10	0.96
20	11	0.96
20	12	0.8979999999999999
20	13	0.8979999999999999
20	14	0.8979999999999999
20	15	0.8160000000000001
20	16	0.8160000000000001
20	17	0.6970000000000001
20	18	0.6970000000000001
20	19	0.55
20	20	0.317
20	21	0.317
20	22	0.241
20	23	0.241
20	24	0.241
20	25	0.241
20	26	0.217
20	27	0.217
20	28	0.217
20	29	0.217
20	30	0.217
21	0	2.834
21	1	2.802
21	2	2.707
21	3	2.479
21	4	2.479
21	5	1.8470000000000004
21	6	0.9999900000000002
21	7	1.00001
21	8	1.00002
21	9	1.00002
21	10	0.9999899999999999
21	11	0.9999899999999999
21	12	1
21	13	1
21	14	0.217
21	15	0.217
21	16	0.217
21	17	0.217
21	18	0.217
21	19	0.217
21	20	0.217
21	21	0.217
21	22	0.217
21	23	0.217
21	24	0.217
21	25	0.217
21	26	0.217
21	27	0.217
21	28	0.217
21	29	0.217
21	30	0.217
22	0	2.834
22	1	0.9999999999999999
22	2	1.0000300000000002
22	3	0.99998
22	4	0.99998
22	5	0.8529200000000002
22	6	0.526
22	7	0.526
22	8	0.502
22	9	0.502
22	10	0.502
22	11	0.502
22	12	0.502
22	13	0.502
22	14	0.217
22	15	0.217
22	16	0.217
22	17	0.217
22	18	0.217
22	19	0.217
22	20	0.217
22	21	0.217
22	22	0.217
22	23	0.217
22	24	0.217
22	25	0.217
22	26	0.217
22	27	0.217
22	28	0.217
22	29	0.217
22	30	0.217
23	0	2.834
23	1	2.7720000000000002
23	2	2.6660000000000004
23	3	2.584
23	4	2.4040000000000004
23	5	2.396
23	6	2.364
23	7	2.364
23	8	1.00001
23	9	1.00001
23	10	0.9999900000000002
23	11	1.0000200000000001
23	12	0.217
23	13	0.217
23	14	0.217
23	15	0.217
23	16	0.217
23	17	0.217
23	18	0.217
23	19	0.217
23	20	0.217
23	21	0.217
23	22	0.217
23	23	0.217
23	24	0.217
23	25	0.217
23	26	0.217
23	27	0.217
23	28	0.217
23	29	0.217
23	30	0.217
24	0	2.834
24	1	2.834
24	2	2.834
24	3	1.8920000000000003
24	4	1.7620000000000002
24	5	1.5260000000000002
24	6	1.5260000000000002
24	7	1.5260000000000002
24	8	1.2260000000000002
24	9	1.2260000000000002
24	10	1.1360000000000001
24	11	1.074
24	12	1.074
24	13	1.074
24	14	0.925
24	15	0.925
24	16	0.925
24	17	0.217
24	18	0.217
24	19	0.217
24	20	0.217
24	21	0.217
24	22	0.217
24	23	0.217
24	24	0.217
24	25	0.217
24	26	0.217
24	27	0.217
24	28	0.217
24	29	0.217
24	30	0.217
25	0	2.834
25	1	2.834
25	2	2.747
25	3	2.3800000000000003
25	4	2.3799900000000003
25	5	2.3800099999999995
25	6	2.3800000000000003
25	7	0.9999999999999999
25	8	1.0000099999999998
25	9	1.0000200000000001
25	10	1.0000200000000001
25	11	0.95
25	12	0.95
25	13	0.95
25	14	0.217
25	15	0.217
25	16	0.217
25	17	0.217
25	18	0.217
25	19	0.217
25	20	0.217
25	21	0.217
25	22	0.217
25	23	0.217
25	24	0.217
25	25	0.217
25	26	0.217
25	27	0.217
25	28	0.217
25	29	0.217
25	30	0.217
26	0	2.834
26	1	2.744
26	2	2.597
26	3	2.597
26	4	2.4849899999999994
26	5	2.25699
26	6	2.22199
26	7	1.9219900000000003
26	8	1.8850000000000002
26	9	0.943
26	10	0.943
26	11	0.797
26	12	0.797
26	13	0.797
26	14	0.773
26	15	0.241
26	16	0.241
26	17	0.241
26	18	0.241
26	19	0.241
26	20	0.241
26	21	0.241
26	22	0.241
26	23	0.217
26	24	0.217
26	25	0.217
26	26	0.217
26	27	0.217
26	28	0.217
26	29	0.217
26	30	0.217
27	0	2.834
27	1	2.6060000000000003
27	2	2.6060000000000003
27	3	2.6060000000000003
27	4	2.4039999999999995
27	5	0.241
27	6	0.241
27	7	0.241
27	8	0.217
27	9	0.217
27	10	0.217
27	11	0.217
27	12	0.217
27	13	0.217
27	14	0.217
27	15	0.217
27	16	0.217
27	18	0.217
27	19	0.217
27	20	0.217
27	21	0.217
27	22	0.217
27	23	0.217
27	24	0.217
27	25	0.217
27	26	0.217
27	27	0.217
27	28	0.217
27	29	0.217
27	30	0.217
28	0	2.834
28	1	2.7720000000000002
28	2	2.685
28	3	2.59
28	4	2.40401
28	5	2.2960099999999994
28	6	2.2960099999999994
28	7	2.2960099999999994
28	8	2.2959999999999994
28	9	0.99999
28	10	1.0000000000000002
28	11	1.0000000000000002
28	12	1.0000000000000002
28	13	1
28	14	0.9999999999999999
28	15	0.9999999999999999
28	16	1.00001
28	17	1
28	18	0.615
28	19	0.387
28	20	0.387
28	21	0.387
28	22	0.387
28	23	0.365
28	24	0.365
28	25	0.275
28	26	0.217
28	27	0.217
28	28	0.217
28	29	0.217
28	30	0.217
29	0	2.834
29	1	2.6590000000000003
29	2	2.6370000000000005
29	3	2.6370000000000005
29	4	1.59102
29	5	1.5910099999999998
29	6	1.5910000000000002
29	7	1.59103
29	8	0.241
29	9	0.241
29	10	0.241
29	11	0.241
29	12	0.241
29	13	0.241
29	14	0.241
29	15	0.241
29	16	0.241
29	17	0.241
29	18	0.241
29	19	0.241
29	20	0.241
29	21	0.241
29	22	0.241
29	23	0.241
29	24	0.241
29	25	0.241
29	26	0.217
29	27	0.217
29	28	0.217
29	29	0.217
29	30	0.217
3	0	2.834
3	1	2.834
3	2	2.799
3	3	1.8570000000000004
3	4	1.5570000000000002
3	5	0.81792
3	6	0.8179
3	7	0.81789
3	8	0.491
3	9	0.491
3	10	0.491
3	11	0.241
3	12	0.241
3	13	0.241
3	14	0.241
3	15	0.241
3	16	0.241
3	17	0.217
3	18	0.217
3	19	0.217
3	20	0.217
3	21	0.217
3	22	0.217
3	23	0.217
3	24	0.217
3	25	0.217
3	26	0.217
3	27	0.217
3	28	0.217
3	29	0.217
3	30	0.217
30	0	2.834
30	1	2.7720000000000002
30	2	2.74
30	3	2.7180000000000004
30	4	2.6830000000000003
30	5	2.6830000000000003
30	6	2.556
30	7	2.532
30	8	2.445
30	9	2.445
30	10	1.5030000000000003
30	11	1.5030000000000003
30	12	1.4680000000000004
30	13	1.4680000000000004
30	14	1.3780000000000003
30	15	0.217
30	16	0.217
30	17	0.217
30	18	0.217
30	19	0.217
30	20	0.217
30	21	0.217
30	22	0.217
30	23	0.217
30	24	0.217
30	25	0.217
30	26	0.217
30	27	0.217
30	28	0.217
30	29	0.217
30	30	0.217
31	0	2.834
31	1	1.8920000000000003
31	2	1.6640000000000001
31	3	1.5690000000000002
31	4	1.479
31	5	1.479
31	6	1.417
31	7	1.417
31	8	1.27
31	9	1.238
31	10	1.203
31	11	1.097
31	12	0.797
31	13	0.683
31	14	0.241
31	15	0.241
31	16	0.241
31	17	0.217
31	18	0.217
31	19	0.217
31	20	0.217
31	21	0.217
31	22	0.217
31	23	0.217
31	24	0.217
31	25	0.217
31	26	0.217
31	27	0.217
31	28	0.217
31	29	0.217
31	30	0.217
32	0	2.834
32	1	2.799
32	2	2.767
32	3	1.5910000000000002
32	4	1.5909900000000001
32	5	0.241
32	6	0.241
32	7	0.241
32	8	0.241
32	9	0.241
32	10	0.241
32	11	0.241
32	12	0.241
32	13	0.241
32	14	0.217
32	15	0.217
32	16	0.217
32	17	0.217
32	18	0.217
32	19	0.217
32	20	0.217
32	21	0.217
32	22	0.217
32	23	0.217
32	24	0.217
32	25	0.217
32	26	0.217
32	27	0.217
32	28	0.217
32	29	0.217
32	30	0.217
33	0	2.834
33	1	2.802
33	2	1.0000100000000003
33	3	0.9999899999999999
33	4	0.99999
33	5	1
33	6	1
33	7	0.99999
33	8	1
33	9	1
33	10	0.9999899999999999
33	11	1.0000099999999998
33	12	1.0000099999999998
33	13	1.0000099999999998
33	14	1.0000099999999998
33	15	0.217
33	16	0.217
33	17	0.217
33	18	0.217
33	19	0.217
33	20	0.217
33	21	0.217
33	22	0.217
33	23	0.217
33	24	0.217
33	25	0.217
33	26	0.217
33	27	0.217
33	28	0.217
33	29	0.217
33	30	0.217
34	0	2.834
34	1	2.28051
34	2	2.2386499999999994
34	3	2.2386500000000003
34	4	2.20719
34	5	2.1940000000000004
34	6	2.1940000000000004
34	7	2.1620000000000004
34	8	2.1400000000000006
34	9	2.1400000000000006
34	10	1.995
34	11	1.87
34	12	1.7750000000000001
34	13	1.7750000000000001
34	14	1.713
34	15	1.713
34	16	1.599
34	17	1.4869999999999999
34	18	1.4869999999999999
34	19	1.4869999999999999
34	20	1
34	21	1
34	22	1
34	23	1
34	24	1
34	25	1
34	26	1
34	27	0.217
34	28	0.217
34	29	0.217
34	30	0.217
35	0	2.834
35	1	2.834
35	2	2.5340000000000003
35	3	2.499
35	4	2.28788
35	5	1.4869999999999999
35	6	1.4869999999999999
35	7	1.4869999999999999
35	8	1.4869999999999999
35	9	1.4869999999999999
35	10	0.317
35	11	0.317
35	12	0.317
35	13	0.241
35	14	0.241
35	15	0.241
35	16	0.241
35	17	0.241
35	18	0.241
35	19	0.241
35	20	0.241
35	21	0.217
35	22	0.217
35	23	0.217
35	24	0.217
35	25	0.217
35	26	0.217
35	27	0.217
35	28	0.217
35	29	0.217
35	30	0.217
36	0	2.834
36	1	2.81
36	2	2.698
36	3	2.663
36	4	1.7210000000000003
36	5	1.421
36	6	1.421
36	7	1.193
36	8	1.131
36	9	0.241
36	10	0.241
36	11	0.241
36	12	0.241
36	13	0.241
36	14	0.241
36	15	0.217
36	16	0.217
36	17	0.217
36	18	0.217
36	19	0.217
36	20	0.217
36	21	0.217
36	22	0.217
36	23	0.217
36	24	0.217
36	25	0.217
36	26	0.217
36	27	0.217
36	28	0.217
36	29	0.217
36	30	0.217
37	0	2.834
37	1	2.28051
37	2	1.961
37	3	1.9610000000000003
37	4	1.9610100000000001
37	5	1.9610100000000001
37	6	1.9610100000000001
37	7	0.79101
37	8	0.79101
37	9	0.491
37	10	0.491
37	11	0.491
37	12	0.317
37	13	0.317
37	14	0.317
37	15	0.317
37	16	0.317
37	17	0.317
37	18	0.317
37	19	0.317
37	20	0.217
37	21	0.217
37	22	0.217
37	23	0.217
37	24	0.217
37	25	0.217
37	26	0.217
37	27	0.217
37	28	0.217
37	29	0.217
37	30	0.217
38	0	2.834
38	1	0.9999999999999999
38	2	0.9999999999999999
38	3	1.0000000000000002
38	4	0.9999800000000001
38	5	1
38	6	1.00001
38	7	1.0000099999999998
38	8	0.217
38	9	0.217
38	21	0.217
38	22	0.217
38	23	0.217
38	24	0.217
38	25	0.217
38	26	0.217
38	27	0.217
38	28	0.217
38	29	0.217
38	30	0.217
39	0	2.834
39	1	2.38001
39	2	2.3800099999999995
39	3	2.3800099999999995
39	4	2.38001
39	5	2.38001
39	6	1.587
39	7	1.563
39	8	1.4
39	9	1.1199999999999999
39	10	1.1199999999999999
39	11	0.9949999999999999
39	12	0.9329999999999999
39	13	0.745
39	14	0.217
39	15	0.217
39	16	0.217
39	17	0.217
39	18	0.217
39	19	0.217
39	20	0.217
39	21	0.217
39	22	0.217
39	23	0.217
39	24	0.217
39	25	0.217
39	26	0.217
39	27	0.217
39	28	0.217
39	29	0.217
39	30	0.217
4	0	2.834
4	1	2.8120000000000003
4	2	2.8120000000000003
4	3	2.5840000000000005
4	4	2.5840000000000005
4	5	1.6420000000000001
4	6	1.51598
4	7	1.4929999999999999
4	8	1.3610000000000002
4	9	1.3610000000000002
4	10	1.203
4	11	1.203
4	12	1.00001
4	13	0.845
4	14	0.821
4	15	0.734
4	16	0.734
4	17	0.699
4	18	0.699
4	19	0.217
4	20	0.217
4	21	0.217
4	22	0.217
4	23	0.217
4	24	0.217
4	25	0.217
4	26	0.217
4	27	0.217
4	28	0.217
4	29	0.217
4	30	0.217
40	0	2.834
40	1	1.8920000000000003
40	2	1.7800000000000002
40	3	1.2550000000000001
40	4	1.2550000000000001
40	5	1.149
40	6	1.149
40	7	1.12501
40	8	1.12501
40	9	0.845
40	10	0.845
40	11	0.845
40	12	0.317
40	13	0.317
40	14	0.317
40	15	0.317
40	16	0.317
40	17	0.217
40	18	0.217
40	19	0.217
40	20	0.217
40	21	0.217
40	22	0.217
40	23	0.217
40	24	0.217
40	25	0.217
40	26	0.217
40	27	0.217
40	28	0.217
40	29	0.217
40	30	0.217
41	0	2.834
41	1	2.799
41	2	2.799
41	3	2.767
41	4	2.743
41	5	2.743
41	6	1.59099
41	7	1.5909699999999998
41	8	0.217
41	9	0.217
41	10	0.217
41	11	0.217
41	12	0.217
41	13	0.217
41	14	0.217
41	15	0.217
41	16	0.217
41	17	0.217
41	18	0.217
41	19	0.217
41	20	0.217
41	21	0.217
41	22	0.217
41	23	0.217
41	24	0.217
41	25	0.217
41	26	0.217
41	27	0.217
41	28	0.217
41	29	0.217
41	30	0.217
42	0	2.834
42	1	2.8120000000000003
42	2	2.2879100000000006
42	3	2.2879099999999997
42	4	1.00001
42	5	0.9999999999999999
42	6	1
42	7	0.217
42	8	0.217
42	9	0.217
42	10	0.217
42	11	0.217
42	12	0.217
42	13	0.217
42	14	0.217
42	15	0.217
42	16	0.217
42	17	0.217
42	18	0.217
42	19	0.217
42	20	0.217
42	21	0.217
42	22	0.217
42	23	0.217
42	24	0.217
42	25	0.217
42	26	0.217
42	27	0.217
42	28	0.217
42	29	0.217
42	30	0.217
43	0	2.834
43	1	2.799
43	2	2.777
43	3	2.777
43	4	2.742
43	5	2.636
43	6	2.636
43	7	2.4610000000000003
43	8	1.5909799999999998
43	9	1.591
43	10	1.5909900000000001
43	11	1.5909900000000001
43	12	0.217
43	13	0.217
43	14	0.217
43	15	0.217
43	16	0.217
43	17	0.217
43	18	0.217
43	19	0.217
43	20	0.217
43	21	0.217
43	22	0.217
43	23	0.217
43	24	0.217
43	25	0.217
43	26	0.217
43	27	0.217
43	28	0.217
43	29	0.217
43	30	0.217
44	0	2.834
44	1	2.802
44	2	2.802
44	3	2.69
44	4	1.59102
44	5	0.317
44	6	0.317
44	7	0.317
44	8	0.317
44	9	0.317
44	10	0.317
44	11	0.317
44	12	0.217
44	13	0.217
44	14	0.217
44	15	0.217
44	16	0.217
44	17	0.217
44	18	0.217
44	19	0.217
44	20	0.217
44	21	0.217
44	22	0.217
44	23	0.217
44	24	0.217
44	25	0.217
44	26	0.217
44	27	0.217
44	28	0.217
44	29	0.217
44	30	0.217
45	0	2.834
45	1	2.799
45	2	2.777
45	3	2.4770000000000003
45	4	2.3020000000000005
45	5	2.2070000000000003
45	6	1.0000000000000002
45	7	1
45	8	0.99999
45	9	0.9999899999999999
45	10	1.0000099999999998
45	11	1
45	12	0.99999
45	13	0.99999
45	14	1.0000099999999998
45	15	0.9999999999999999
45	19	0.9999899999999999
45	20	0.9999899999999999
45	21	0.9999899999999999
45	22	0.43999999999999995
45	23	0.43999999999999995
45	24	0.40499999999999997
45	25	0.217
45	26	0.217
45	27	0.217
45	28	0.217
45	29	0.217
45	30	0.217
46	0	2.834
46	1	2.5340000000000003
46	2	2.5120000000000005
46	3	2.5120000000000005
46	4	2.4770000000000003
46	5	2.442
46	6	1
46	7	0.9999999999999999
46	8	1
46	9	1.00001
46	10	1.00001
46	11	1.0000000000000002
46	12	1.0000000000000002
46	13	0.99999
46	14	0.99999
46	15	0.99999
46	16	0.217
46	17	0.217
46	18	0.217
46	19	0.217
46	20	0.217
46	21	0.217
46	22	0.217
46	23	0.217
46	24	0.217
46	25	0.217
46	26	0.217
46	27	0.217
46	28	0.217
46	29	0.217
46	30	0.217
47	0	2.834
47	1	0.9999999999999999
47	2	1.0000300000000002
47	3	1
47	4	0.9999900000000003
47	5	0.9999900000000003
47	6	1.00001
47	7	0.9999799999999999
47	8	1
47	9	0.9999800000000001
47	10	0.99998
47	11	0.99999
47	12	1.0000099999999998
47	13	1.0000099999999998
47	14	1.00001
47	15	1.00001
47	16	1.00001
47	17	1.00001
47	18	0.217
47	19	0.217
47	20	0.217
47	21	0.217
47	22	0.217
47	23	0.217
47	24	0.217
47	25	0.217
47	26	0.217
47	27	0.217
47	28	0.217
47	29	0.217
47	30	0.217
48	0	2.834
48	1	2.802
48	2	2.5020000000000002
48	3	2.4040099999999995
48	4	1.00001
48	5	1
48	6	0.9999799999999999
48	7	1
48	8	1.0000099999999998
48	9	1
48	10	1
48	11	1
48	12	1
48	13	1
48	14	1
48	15	1
48	16	1
48	17	1
48	18	1
48	19	1
48	20	1
48	21	1
48	22	1
48	23	1
48	24	0.217
48	25	0.217
48	26	0.217
48	27	0.217
48	28	0.217
48	29	0.217
48	30	0.217
49	0	2.834
49	1	2.799
49	2	2.624
49	3	1.0000099999999998
49	4	1.00001
49	5	0.99999
49	6	0.99999
49	7	1.0000099999999998
49	8	1.00001
49	9	0.9999899999999998
49	10	1.00001
49	11	1.0000099999999998
49	12	1
49	13	1
49	14	1
49	15	1
49	16	0.636
49	17	0.636
49	18	0.636
49	19	0.612
49	20	0.5299999999999999
49	21	0.43999999999999995
49	22	0.217
49	23	0.217
49	24	0.217
49	25	0.217
49	26	0.217
49	27	0.217
49	28	0.217
49	29	0.217
49	30	0.217
5	0	2.834
5	1	2.7720000000000002
5	2	2.38001
5	3	2.3799999999999994
5	4	2.38001
5	5	2.38001
5	6	2.2900099999999997
5	7	2.1650099999999997
5	8	1.2230100000000002
5	9	0.92301
5	10	0.923
5	11	0.217
5	12	0.217
5	13	0.217
5	14	0.217
5	15	0.217
5	16	0.217
5	17	0.217
5	18	0.217
5	19	0.217
5	20	0.217
5	21	0.217
5	22	0.217
5	23	0.217
5	24	0.217
5	25	0.217
5	26	0.217
5	27	0.217
5	28	0.217
5	29	0.217
5	30	0.217
50	0	2.834
50	1	2.834
50	2	2.744
50	3	2.649
50	4	2.614
50	5	2.502
50	6	2.396
50	7	2.3640000000000003
50	8	1.5910099999999998
50	9	1.59098
50	10	1.59098
50	11	1.59098
50	12	1.591
50	13	1.591
50	14	0.217
50	15	0.217
50	16	0.217
50	17	0.217
50	18	0.217
50	19	0.217
50	20	0.217
50	21	0.217
50	22	0.217
50	23	0.217
50	24	0.217
50	25	0.217
50	26	0.217
50	27	0.217
50	28	0.217
50	29	0.217
50	30	0.217
51	0	2.834
51	1	1.59101
51	2	1.1105
51	3	0.9974100000000001
51	4	0.9974000000000002
51	5	0.99257
51	6	0.99257
51	7	0.92937
51	8	0.92937
51	9	0.217
51	10	0.217
51	11	0.217
51	12	0.217
51	13	0.217
51	14	0.217
51	15	0.217
51	16	0.217
51	17	0.217
51	18	0.217
51	19	0.217
51	20	0.217
51	21	0.217
51	22	0.217
51	23	0.217
51	24	0.217
51	25	0.217
51	26	0.217
51	27	0.217
51	28	0.217
51	29	0.217
51	30	0.217
52	0	2.834
52	1	0.9999999999999999
52	2	0.9999999999999999
52	3	0.217
52	4	0.217
52	5	0.217
52	6	0.217
52	7	0.217
52	8	0.217
52	9	0.217
52	10	0.217
52	11	0.217
52	12	0.217
52	13	0.217
52	14	0.217
52	15	0.217
52	16	0.217
52	17	0.217
52	18	0.217
52	19	0.217
52	20	0.217
52	21	0.217
52	22	0.217
52	23	0.217
52	24	0.217
52	25	0.217
52	26	0.217
52	27	0.217
52	28	0.217
52	29	0.217
52	30	0.217
53	0	2.834
53	1	2.799
53	2	2.767
53	3	2.655
53	4	2.355
53	5	1.879
53	6	1.879
53	7	1.879
53	8	1.773
53	9	1.773
53	10	1.4869999999999999
53	11	1.4869999999999999
53	12	1.4869999999999999
53	13	1.4869999999999999
53	14	1.4869999999999999
53	15	1.4629999999999999
53	16	1.4629999999999999
53	17	0.217
53	18	0.217
53	19	0.217
53	20	0.217
53	21	0.217
53	22	0.217
53	23	0.217
53	24	0.217
53	25	0.217
53	26	0.217
53	27	0.217
53	28	0.217
53	29	0.217
53	30	0.217
54	0	2.834
54	1	2.802
54	2	2.6270000000000002
54	3	2.4970000000000003
54	4	2.4970000000000003
54	5	2.462
54	6	2.3799999999999994
54	7	2.1380000000000003
54	8	1.9639
54	9	0.217
54	10	0.217
54	11	0.217
54	12	0.217
54	13	0.217
54	14	0.217
54	15	0.217
54	16	0.217
54	17	0.217
54	18	0.217
54	19	0.217
54	20	0.217
54	21	0.217
54	22	0.217
54	23	0.217
54	24	0.217
54	25	0.217
54	26	0.217
54	27	0.217
54	28	0.217
54	29	0.217
54	30	0.217
55	0	2.834
55	1	2.38001
55	2	2.380009999999999
55	3	2.3800000000000003
55	4	2.3800099999999995
55	5	2.38
55	6	2.38
55	7	1.00001
55	8	1.00001
55	9	0.9999899999999999
55	10	1
55	11	0.99997
55	12	0.9999799999999999
55	13	1
55	14	0.217
55	15	0.217
55	16	0.217
55	17	0.217
55	18	0.217
55	19	0.217
55	20	0.217
55	21	0.217
55	22	0.217
55	23	0.217
55	24	0.217
55	25	0.217
55	26	0.217
55	27	0.217
55	28	0.217
55	29	0.217
55	30	0.217
56	0	2.834
56	1	2.802
56	2	2.69
56	3	2.584
56	4	2.5490000000000004
56	5	2.5140000000000002
56	6	2.5140000000000002
56	7	1.4869999999999999
56	8	1.4629999999999999
56	9	1.4629999999999999
56	10	1.4629999999999999
56	11	1.4629999999999999
56	12	1.2349999999999999
56	13	1.2349999999999999
56	14	1.2349999999999999
56	15	1.2349999999999999
56	16	1.2349999999999999
56	17	1.2349999999999999
56	18	1.2349999999999999
56	19	1.2349999999999999
56	20	0.293
56	21	0.293
56	22	0.293
56	23	0.293
56	24	0.217
56	25	0.217
56	26	0.217
56	27	0.217
56	28	0.217
56	29	0.217
56	30	0.217
57	0	2.834
57	1	2.799
57	2	2.799
57	3	2.6870000000000003
57	4	2.6550000000000002
57	5	1.59099
57	6	1.59099
57	7	1.59098
57	8	1.5910099999999998
57	9	1.591
57	10	0.241
57	11	0.241
57	12	0.241
57	13	0.217
57	14	0.217
57	15	0.217
57	16	0.217
57	17	0.217
57	18	0.217
57	19	0.217
57	20	0.217
57	21	0.217
57	22	0.217
57	23	0.217
57	24	0.217
57	25	0.217
57	26	0.217
57	27	0.217
57	28	0.217
57	29	0.217
57	30	0.217
58	0	2.834
58	1	2.799
58	2	2.777
58	3	2.777
58	4	2.2879100000000006
58	5	1.787
58	6	1.787
58	7	1.787
58	8	1.787
58	9	1.787
58	10	1.787
58	11	1.787
58	12	1.787
58	13	1.787
58	14	1.559
58	15	1.259
58	16	0.317
58	17	0.317
58	18	0.317
58	19	0.317
58	20	0.293
58	21	0.217
58	22	0.217
58	23	0.217
58	24	0.217
58	25	0.217
58	26	0.217
58	27	0.217
58	28	0.217
58	29	0.217
58	30	0.217
59	0	2.834
59	1	2.704
59	2	2.6420000000000003
59	3	2.6420000000000003
59	4	2.31399
59	5	2.3140099999999997
59	6	2.0140100000000003
59	7	2.0140100000000003
59	8	1.8890000000000002
59	9	0.9999899999999999
59	10	1
59	11	1
59	12	0.445
59	13	0.445
59	14	0.445
59	15	0.445
59	16	0.445
59	17	0.217
59	18	0.217
59	19	0.217
59	20	0.217
59	21	0.217
59	22	0.217
59	23	0.217
59	24	0.217
59	25	0.217
59	26	0.217
59	27	0.217
59	28	0.217
59	29	0.217
59	30	0.217
6	0	2.834
6	1	2.834
6	2	2.2805
6	3	2.2804999999999995
6	4	2.2352800000000004
6	5	2.20719
6	6	1.0371899999999998
6	7	0.7909999999999999
6	8	0.241
6	9	0.241
6	10	0.241
6	11	0.241
6	12	0.241
6	13	0.241
6	14	0.241
6	15	0.241
6	16	0.241
6	17	0.241
6	18	0.241
6	19	0.241
6	20	0.241
6	21	0.241
6	22	0.241
6	23	0.217
6	24	0.217
6	25	0.217
6	26	0.217
6	27	0.217
6	28	0.217
6	29	0.217
6	30	0.217
60	0	2.834
60	1	2.704
60	2	2.5290000000000004
60	3	2.4970000000000003
60	4	2.4970000000000003
60	5	2.462
60	6	1.5909999999999997
60	7	1.5910099999999996
60	8	1.591
60	9	1.5910099999999998
60	10	0.217
60	11	0.217
60	12	0.217
60	13	0.217
60	14	0.217
60	15	0.217
60	16	0.217
60	17	0.217
60	18	0.217
60	19	0.217
60	20	0.217
60	21	0.217
60	22	0.217
60	23	0.217
60	24	0.217
60	25	0.217
60	26	0.217
60	27	0.217
60	28	0.217
60	29	0.217
60	30	0.217
61	0	2.834
61	1	2.728
61	2	2.693
61	3	2.669
61	4	1.59099
61	5	1.5910099999999998
61	6	1.5910099999999998
61	7	1.5909999999999997
61	8	1.137
61	9	1.137
61	10	1.047
61	11	0.9650000000000001
61	12	0.9650000000000001
61	13	0.9650000000000001
61	14	0.8380000000000001
61	15	0.8380000000000001
61	16	0.663
61	17	0.663
61	18	0.241
61	19	0.241
61	20	0.241
61	21	0.241
61	22	0.241
61	23	0.241
61	24	0.241
61	25	0.241
61	26	0.241
61	27	0.241
61	28	0.241
61	29	0.217
61	30	0.217
62	0	2.834
62	1	2.739
62	2	2.649
62	3	2.614
62	4	2.59
62	5	2.5100000000000002
62	6	1.568
62	7	1.568
62	8	1.393
62	9	0.217
62	10	0.217
62	11	0.217
62	12	0.217
62	13	0.217
62	14	0.217
62	15	0.217
62	16	0.217
62	17	0.217
62	18	0.217
62	19	0.217
62	20	0.217
62	21	0.217
62	22	0.217
62	23	0.217
62	24	0.217
62	25	0.217
62	26	0.217
62	27	0.217
62	28	0.217
62	29	0.217
62	30	0.217
63	0	2.834
63	1	2.81
63	2	2.698
63	3	2.5859899999999993
63	4	2.550989999999999
63	5	2.38
63	6	2.38
63	7	2.3799899999999994
63	8	0.9999899999999999
63	9	1.0000099999999998
63	10	1.0000099999999998
63	11	1.0000099999999998
63	12	1.0000099999999998
63	13	1.0000099999999998
63	14	1
63	15	1
63	16	1
63	17	1
63	18	1
63	19	1
63	20	1
63	21	1
63	22	0.217
63	23	0.217
63	24	0.217
63	25	0.217
63	26	0.217
63	27	0.217
63	28	0.217
63	29	0.217
63	30	0.217
64	0	2.834
64	1	2.722
64	2	2.722
64	3	2.5549899999999997
64	4	2.5549899999999997
64	5	2.5549999999999997
64	6	2.5199999999999996
64	7	2.4039699999999997
64	8	2.034
64	9	2.034
64	10	2.0100000000000002
64	11	1.387
64	12	0.217
64	13	0.217
64	14	0.217
64	15	0.217
64	16	0.217
64	17	0.217
64	18	0.217
64	19	0.217
64	20	0.217
64	21	0.217
64	22	0.217
64	23	0.217
64	24	0.217
64	25	0.217
64	26	0.217
64	27	0.217
64	28	0.217
64	29	0.217
64	30	0.217
65	0	2.834
65	1	2.834
65	2	2.6590000000000003
65	3	2.6590000000000003
65	4	2.6458000000000004
65	5	1.5909999999999997
65	6	1.5909800000000003
65	7	1.5289200000000003
65	8	1.5289000000000001
65	9	1.5289000000000001
65	10	1.4300100000000002
65	11	1.3950100000000003
65	12	1.3950100000000003
65	13	1.247
65	14	1.198
65	15	0.97
65	16	0.938
65	17	0.938
65	18	0.938
65	19	0.729
65	20	0.429
65	21	0.429
65	22	0.429
65	23	0.217
65	24	0.217
65	25	0.217
65	26	0.217
65	27	0.217
65	28	0.217
65	29	0.217
65	30	0.217
66	0	2.834
66	1	2.834
66	2	2.799
66	3	2.7039999999999997
66	4	2.642
66	5	2.6069999999999998
66	6	2.432
66	7	2.37999
66	8	2.2889999999999997
66	9	2.2889999999999997
66	10	2.0610000000000004
66	11	0.217
66	12	0.217
66	13	0.217
66	14	0.217
66	15	0.217
66	16	0.217
66	17	0.217
66	18	0.217
66	19	0.217
66	20	0.217
66	21	0.217
66	22	0.217
66	23	0.217
66	24	0.217
66	25	0.217
66	26	0.217
66	27	0.217
66	28	0.217
66	29	0.217
66	30	0.217
67	0	2.834
67	1	2.6060000000000003
67	2	2.511
67	3	1.5690000000000002
67	4	1.5070000000000001
67	5	1.393
67	6	0.99999
67	7	1
67	8	1.00001
67	9	0.729
67	10	0.729
67	11	0.729
67	12	0.5539999999999999
67	13	0.217
67	14	0.217
67	15	0.217
67	16	0.217
67	17	0.217
67	18	0.217
67	19	0.217
67	20	0.217
67	21	0.217
67	22	0.217
67	23	0.217
67	24	0.217
67	25	0.217
67	26	0.217
67	27	0.217
67	28	0.217
67	29	0.217
67	30	0.217
68	0	2.834
68	1	2.81
68	2	2.81
68	3	2.79759
68	4	2.72
68	5	2.60882
68	6	2.5520000000000005
68	7	2.3770000000000007
68	8	2.3420000000000005
68	9	1.0000099999999998
68	10	1.0000099999999998
68	11	0.9999999999999998
68	12	0.217
68	13	0.217
68	14	0.217
68	15	0.217
68	16	0.217
68	17	0.217
68	18	0.217
68	19	0.217
68	23	0.217
68	24	0.217
68	25	0.217
68	26	0.217
68	27	0.217
68	28	0.217
68	29	0.217
68	30	0.217
69	0	2.834
69	1	2.799
69	2	2.624
69	3	2.624
69	4	2.380000000000001
69	5	2.38001
69	6	2.3800000000000003
69	7	2.338
69	8	1.8170000000000002
69	9	1.7930000000000001
69	10	1.7930000000000001
69	11	1.687
69	12	1.387
69	13	1.387
69	14	1.387
69	15	0.445
69	16	0.445
69	17	0.445
69	18	0.445
69	19	0.445
69	20	0.445
69	21	0.217
69	22	0.217
69	23	0.217
69	24	0.217
69	25	0.217
69	26	0.217
69	27	0.217
69	28	0.217
69	29	0.217
69	30	0.217
7	0	2.834
7	1	2.6590000000000003
7	2	2.624
7	3	2.624
7	4	2.624
7	5	2.6009
7	6	2.1709
7	7	2.0530000000000004
7	8	1.991
7	9	0.821
7	10	0.821
7	11	0.821
7	12	0.821
7	13	0.821
7	14	0.821
7	15	0.217
7	16	0.217
7	17	0.217
7	18	0.217
7	19	0.217
7	20	0.217
7	21	0.217
7	22	0.217
7	23	0.217
7	24	0.217
7	25	0.217
7	26	0.217
7	27	0.217
7	28	0.217
7	29	0.217
7	30	0.217
70	0	2.834
70	1	2.7520000000000002
70	2	2.6620000000000004
70	3	1.0000100000000003
70	4	1.00002
70	5	0.9999900000000002
70	6	1
70	7	1.00001
70	8	1
70	9	1
70	10	0.99999
70	11	0.99999
70	12	0.9999899999999999
70	13	1
70	14	1.0000099999999998
70	15	1.0000099999999998
70	16	1
70	17	1
70	18	0.217
70	19	0.217
70	20	0.217
70	21	0.217
70	22	0.217
70	23	0.217
70	24	0.217
70	25	0.217
70	26	0.217
70	27	0.217
70	28	0.217
70	29	0.217
70	30	0.217
71	0	2.834
71	1	2.6060000000000003
71	2	2.516
71	3	1.7949199999999998
71	4	1.7949
71	5	1.7949000000000002
71	6	1.7949000000000002
71	7	1.7949
71	8	1.1829999999999998
71	9	1.1829999999999998
71	10	0.241
71	11	0.241
71	12	0.241
71	13	0.241
71	14	0.241
71	15	0.241
71	16	0.241
71	17	0.241
71	18	0.241
71	19	0.241
71	20	0.241
71	21	0.217
71	22	0.217
71	23	0.217
71	24	0.217
71	25	0.217
71	26	0.217
71	27	0.217
71	28	0.217
71	29	0.217
71	30	0.217
72	0	2.834
72	1	2.404
72	2	2.4040300000000006
72	3	2.4040099999999995
72	4	2.4039900000000007
72	5	0.241
72	6	0.241
72	7	0.241
72	8	0.241
72	9	0.241
72	10	0.241
72	11	0.241
72	12	0.241
72	13	0.241
72	14	0.241
72	15	0.241
72	16	0.241
72	17	0.241
72	18	0.241
72	19	0.241
72	20	0.241
72	21	0.241
72	22	0.241
72	23	0.241
72	24	0.241
72	25	0.241
72	26	0.241
72	27	0.217
72	28	0.217
72	29	0.217
72	30	0.217
73	0	2.834
73	1	2.799
73	2	2.764
73	3	2.634
73	4	2.612
73	5	2.612
73	6	2.525
73	7	2.525
73	8	2.3799899999999994
73	9	2.26
73	10	1.9600000000000002
73	11	1.7100000000000002
73	12	1.7100000000000002
73	13	1.7100000000000002
73	14	1.7100000000000002
73	15	0.768
73	16	0.768
73	17	0.54
73	18	0.217
73	19	0.217
73	20	0.217
73	21	0.217
73	22	0.217
73	23	0.217
73	24	0.217
73	25	0.217
73	26	0.217
73	27	0.217
73	28	0.217
73	29	0.217
73	30	0.217
74	0	2.834
74	1	2.747
74	2	2.2757
74	3	2.2757
74	4	1.4109999999999998
74	5	1
74	6	1
74	7	1
74	8	1
74	9	1
74	10	1
74	11	1
74	12	1
74	13	1
74	14	1
74	15	1
74	16	1
74	17	1
74	18	1
74	19	1
74	20	0.217
74	21	0.217
74	22	0.217
74	23	0.217
74	24	0.217
74	25	0.217
74	26	0.217
74	27	0.217
74	28	0.217
74	29	0.217
74	30	0.217
75	0	2.834
75	1	2.404
75	2	2.4040000000000004
75	3	2.4040099999999995
75	4	2.4039800000000002
75	5	2.4040100000000004
75	6	2.4040099999999995
75	7	1.8539999999999999
75	8	1.8299999999999998
75	9	1.7109999999999999
75	10	1.687
75	11	1.687
75	12	1.687
75	13	1.687
75	14	1.459
75	15	1.459
75	16	1.459
75	17	1.159
75	18	1.159
75	19	1.159
75	20	1.159
75	21	0.217
75	22	0.217
75	23	0.217
75	24	0.217
75	25	0.217
75	26	0.217
75	27	0.217
75	28	0.217
75	29	0.217
75	30	0.217
76	0	2.834
76	1	2.81
76	2	2.5100000000000002
76	3	2.27998
76	4	2.27998
76	5	2.11291
76	6	0.9429100000000001
76	7	0.94289
76	8	0.94289
76	9	0.94289
76	10	0.91889
76	11	0.9189099999999999
76	12	0.293
76	13	0.293
76	14	0.293
76	15	0.293
76	16	0.293
76	17	0.293
76	18	0.293
76	19	0.293
76	20	0.293
76	21	0.293
76	22	0.293
76	23	0.293
76	24	0.293
76	25	0.217
76	26	0.217
76	27	0.217
76	28	0.217
76	29	0.217
76	30	0.217
77	0	2.834
77	1	2.834
77	2	2.799
77	3	1.8570000000000004
77	4	1.8250000000000004
77	5	1.8030000000000004
77	6	1.6380000000000003
77	7	1.5430000000000004
77	8	1.5430000000000004
77	9	1.3680000000000003
77	10	1.2780000000000002
77	11	1.1640000000000001
77	12	0.491
77	13	0.491
77	14	0.491
77	15	0.491
77	16	0.491
77	17	0.46699999999999997
77	18	0.46699999999999997
77	19	0.46699999999999997
77	20	0.46699999999999997
77	21	0.217
77	22	0.217
77	23	0.217
77	24	0.217
77	25	0.217
77	26	0.217
77	27	0.217
77	28	0.217
77	29	0.217
77	30	0.217
78	0	2.834
78	1	2.404
78	2	2.40398
78	3	2.40402
78	4	2.4039899999999994
78	5	2.4040100000000004
78	6	2.3080000000000003
78	7	2.196
78	8	2.172
78	9	2.172
78	10	2.0850000000000004
78	11	2.0850000000000004
78	12	1.9100000000000004
78	13	1.8040000000000003
78	14	1.6580000000000001
78	15	1.483
78	16	0.541
78	17	0.541
78	18	0.541
78	19	0.517
78	20	0.517
78	21	0.517
78	22	0.517
78	23	0.517
78	24	0.217
78	25	0.217
78	26	0.217
78	28	0.217
78	29	0.217
78	30	0.217
79	0	2.834
79	1	2.834
79	2	2.739
79	3	2.715
79	4	2.715
79	5	2.4128900000000004
79	6	2.41289
79	7	2.38
79	8	2.38
79	9	2.3300000000000005
79	10	2.2050000000000005
79	11	2.1700000000000004
79	12	2.1700000000000004
79	13	1.87
79	14	1.808
79	15	1.808
79	16	1.808
79	17	1.575
79	18	1.575
79	19	1.575
79	20	1.4629999999999999
79	21	0.293
79	22	0.293
79	23	0.293
79	24	0.293
79	25	0.217
79	26	0.217
79	27	0.217
79	28	0.217
79	29	0.217
79	30	0.217
8	0	2.834
8	1	2.799
8	2	2.764
8	3	2.764
8	4	1.9879099999999996
8	5	1.9879
8	6	1.9879
8	7	1.9879
8	8	1
8	9	1
8	10	1
8	14	0.605
8	15	0.605
8	16	0.581
8	17	0.581
8	18	0.581
8	19	0.581
8	20	0.581
8	21	0.581
8	22	0.581
8	23	0.217
8	24	0.217
8	25	0.217
8	26	0.217
8	27	0.217
8	28	0.217
8	29	0.217
8	30	0.217
80	0	2.834
80	1	2.799
80	2	2.737
80	3	2.705
80	4	2.615
80	5	2.3800000000000003
80	6	2.3799900000000003
80	7	2.3799900000000003
80	8	0.217
80	9	0.217
80	10	0.217
80	11	0.217
80	12	0.217
80	13	0.217
80	14	0.217
80	15	0.217
80	16	0.217
80	17	0.217
80	18	0.217
80	19	0.217
80	20	0.217
80	21	0.217
80	22	0.217
80	23	0.217
80	24	0.217
80	25	0.217
80	26	0.217
80	27	0.217
80	28	0.217
80	29	0.217
80	30	0.217
81	0	2.834
81	1	2.834
81	2	2.728
81	3	2.693
81	4	2.606
81	5	1.5910000000000006
81	6	0.217
81	7	0.217
81	8	0.217
81	9	0.217
81	10	0.217
81	11	0.217
81	12	0.217
81	13	0.217
81	14	0.217
81	15	0.217
81	16	0.217
81	17	0.217
81	18	0.217
81	19	0.217
81	20	0.217
81	21	0.217
81	22	0.217
81	23	0.217
81	29	0.217
81	30	0.217
82	0	2.834
82	1	1.59101
82	2	1.59101
82	3	1.591
82	4	1.5909900000000001
82	5	1.5909900000000001
82	6	1.5909999999999997
82	7	1.591
82	8	1.5910000000000002
82	9	1.5910000000000002
82	10	1.4869999999999999
82	11	1.4869999999999999
82	12	0.217
82	13	0.217
82	14	0.217
82	15	0.217
82	16	0.217
82	17	0.217
82	18	0.217
82	19	0.217
82	20	0.217
82	21	0.217
82	22	0.217
82	23	0.217
82	24	0.217
82	25	0.217
82	26	0.217
82	27	0.217
82	28	0.217
82	29	0.217
82	30	0.217
83	0	2.834
83	1	2.802
83	2	2.712
83	3	0.9999999999999999
83	4	1.0000099999999996
83	5	1
83	6	1.00001
83	7	1.00001
83	8	1.00001
83	9	0.217
83	10	0.217
83	11	0.217
83	12	0.217
83	13	0.217
83	14	0.217
83	15	0.217
83	16	0.217
83	17	0.217
83	18	0.217
83	19	0.217
83	20	0.217
83	21	0.217
83	22	0.217
83	23	0.217
83	24	0.217
83	25	0.217
83	26	0.217
83	27	0.217
83	28	0.217
83	29	0.217
83	30	0.217
84	0	2.834
84	1	2.72869
84	2	1.5910300000000002
84	3	1.59102
84	4	0.217
84	5	0.217
84	6	0.217
84	7	0.217
84	8	0.217
84	9	0.217
84	10	0.217
84	11	0.217
84	12	0.217
84	13	0.217
84	14	0.217
84	15	0.217
84	16	0.217
84	17	0.217
84	18	0.217
84	19	0.217
84	20	0.217
84	21	0.217
84	22	0.217
84	23	0.217
84	24	0.217
84	25	0.217
84	26	0.217
84	27	0.217
84	28	0.217
84	29	0.217
84	30	0.217
85	0	2.834
85	1	1.59101
85	2	1.5910099999999996
85	3	1.5910000000000002
85	4	0.217
85	5	0.217
85	6	0.217
85	7	0.217
85	8	0.217
85	9	0.217
85	10	0.217
85	11	0.217
85	12	0.217
85	13	0.217
85	14	0.217
85	15	0.217
85	16	0.217
85	17	0.217
85	18	0.217
85	19	0.217
85	20	0.217
85	21	0.217
85	22	0.217
85	23	0.217
85	24	0.217
85	25	0.217
85	26	0.217
85	27	0.217
85	28	0.217
85	29	0.217
85	30	0.217
86	0	2.834
86	1	2.7720000000000002
86	2	2.6660000000000004
86	3	2.4910000000000005
86	4	2.4090000000000003
86	5	2.3850000000000002
86	6	2.024
86	7	1.7109999999999999
86	8	1.7109999999999999
86	9	0.99999
86	10	0.99999
86	11	0.99999
86	12	0.99999
86	13	0.217
86	14	0.217
86	15	0.217
86	16	0.217
86	17	0.217
86	18	0.217
86	19	0.217
86	20	0.217
86	21	0.217
86	22	0.217
86	23	0.217
86	24	0.217
86	25	0.217
86	26	0.217
86	27	0.217
86	28	0.217
86	29	0.217
86	30	0.217
87	0	2.834
87	1	2.38001
87	2	2.3800000000000003
87	3	2.3800099999999995
87	4	2.3800199999999996
87	5	2.3800199999999996
87	6	2.38
87	7	1.00001
87	8	1.0000099999999998
87	9	0.99999
87	10	0.886
87	11	0.886
87	12	0.886
87	13	0.851
87	14	0.851
87	15	0.745
87	21	0.217
87	22	0.217
87	23	0.217
87	24	0.217
87	25	0.217
87	26	0.217
87	27	0.217
87	28	0.217
87	29	0.217
87	30	0.217
88	0	2.834
88	1	1.8920000000000003
88	2	1.8920000000000003
88	3	1.8680000000000003
88	4	1.6400000000000001
88	5	1.3399999999999999
88	6	1.3399999999999999
88	7	1.24482
88	8	1.165
88	9	1.165
88	10	0.903
88	11	0.757
88	12	0.651
88	13	0.616
88	14	0.5539999999999999
88	24	0.217
88	25	0.217
88	26	0.217
88	27	0.217
88	28	0.217
88	29	0.217
88	30	0.217
89	0	2.834
89	1	2.739
89	2	2.739
89	3	2.627
89	4	2.627
89	5	2.605
89	6	2.3770000000000002
89	7	2.201
89	8	2.201
89	9	2.201
89	10	1.2590000000000001
89	11	1.2590000000000001
89	12	1.224
89	13	1.192
89	14	1.157
89	15	1.07
89	16	0.747
89	17	0.723
89	18	0.617
89	19	0.617
89	20	0.317
89	21	0.317
89	22	0.317
89	23	0.317
89	24	0.317
89	25	0.217
89	26	0.217
89	27	0.217
89	28	0.217
89	29	0.217
89	30	0.217
9	0	2.834
9	1	2.834
9	2	2.802
9	3	2.767
9	4	2.4469999999999996
9	5	0.99997
9	6	1
9	7	1
9	8	1
9	9	1
9	10	1
9	11	1
9	12	1
9	13	1
9	14	1
9	15	1
9	16	1
9	17	1
9	18	1
9	19	1
9	20	1
9	21	1
9	22	1
9	23	1
9	24	1
9	25	1
9	26	1
9	27	1
9	28	0.217
9	29	0.217
9	30	0.217
90	0	2.834
90	1	2.72869
90	2	2.4129
90	3	2.1129000000000002
90	4	2.1129000000000002
90	5	2.0889
90	6	2.0889100000000003
90	7	2.0889100000000003
90	8	1.762
90	9	1.637
90	10	1.637
90	11	1.4629999999999999
90	12	1.4629999999999999
90	13	1.4629999999999999
90	14	1.4629999999999999
90	15	1.2349999999999999
90	16	1.2349999999999999
90	17	1.2349999999999999
90	18	1.2349999999999999
90	19	1.2349999999999999
90	20	0.293
90	21	0.293
90	22	0.293
90	23	0.293
90	24	0.293
90	25	0.293
90	26	0.293
90	27	0.217
90	28	0.217
90	29	0.217
90	30	0.217
91	0	2.834
91	1	2.799
91	2	2.28051
91	3	1.9878900000000002
91	4	1.9878900000000002
91	5	1.9879000000000002
91	6	1.9879000000000002
91	7	1.889
91	8	1.88901
91	9	0.7190099999999999
91	10	0.241
91	11	0.241
91	12	0.217
91	13	0.217
91	14	0.217
91	15	0.217
91	16	0.217
91	17	0.217
91	18	0.217
91	19	0.217
91	20	0.217
91	21	0.217
91	22	0.217
91	23	0.217
91	24	0.217
91	25	0.217
91	26	0.217
91	27	0.217
91	28	0.217
91	29	0.217
91	30	0.217
92	0	2.834
92	1	2.799
92	2	1.8570000000000004
92	3	1.8220000000000005
92	4	1.7270000000000005
92	5	1.5799900000000004
92	6	1.5050000000000003
92	7	1.4050000000000002
92	8	1.264
92	9	1.158
92	10	0.317
92	11	0.317
92	12	0.317
92	13	0.317
92	14	0.317
92	24	0.217
92	25	0.217
92	26	0.217
92	27	0.217
92	28	0.217
92	29	0.217
92	30	0.217
93	0	2.834
93	1	2.728
93	2	1.7860000000000003
93	3	1.7860000000000003
93	4	1.7860000000000003
93	5	1.5910100000000003
93	6	1.486
93	7	0.217
93	8	0.217
93	9	0.217
93	10	0.217
93	11	0.217
93	12	0.217
93	13	0.217
93	14	0.217
93	15	0.217
93	16	0.217
93	17	0.217
93	18	0.217
93	19	0.217
93	20	0.217
93	21	0.217
93	22	0.217
93	23	0.217
93	24	0.217
93	25	0.217
93	26	0.217
93	27	0.217
93	28	0.217
93	29	0.217
93	30	0.217
94	0	2.834
94	1	2.72869
94	2	1
94	3	1
94	4	0.99999
94	5	0.99999
94	6	0.9999999999999999
94	7	0.9999799999999999
94	8	1
94	9	1.0000200000000001
94	10	1.00001
94	11	0.217
94	12	0.217
94	13	0.217
94	14	0.217
94	15	0.217
94	16	0.217
94	17	0.217
94	18	0.217
94	19	0.217
94	20	0.217
94	21	0.217
94	22	0.217
94	23	0.217
94	24	0.217
94	25	0.217
94	26	0.217
94	27	0.217
94	28	0.217
94	29	0.217
94	30	0.217
95	0	2.834
95	1	2.744
95	2	2.5690000000000004
95	3	2.422
95	4	2.35022
95	5	2.3502099999999997
95	6	2.3262099999999997
95	7	2.3630000000000004
95	8	2.081
95	9	2.08099
95	10	1.94
95	11	1.94
95	12	1.94
95	13	1.763
95	14	1.763
95	15	1
95	16	1
95	17	1
95	18	1
95	19	1
95	20	1
95	21	0.99999
95	22	1
95	23	1
95	24	1
95	25	1
95	26	1
95	27	1
95	28	0.217
95	29	0.217
95	30	0.217
96	0	2.834
96	1	2.834
96	2	2.704
96	3	2.582
96	4	2.582
96	5	2.582
96	6	2.582
96	7	2.582
96	8	2.582
96	9	2.316989999999999
96	10	2.3169999999999997
96	11	2.3169999999999997
96	12	2.31701
96	13	2.2939999999999996
96	14	2.066
96	15	2.042
96	16	1.2349999999999999
96	17	1.2349999999999999
96	18	1.2349999999999999
96	19	1.159
96	20	1.159
96	21	1.159
96	22	1.159
96	23	1
96	24	0.217
96	25	0.217
96	26	0.217
96	27	0.217
96	28	0.217
96	29	0.217
96	30	0.217
97	0	2.834
97	1	2.6590000000000003
97	2	2.3800099999999995
97	3	2.37999
97	4	2.3799900000000003
97	5	2.3800099999999995
97	6	2.3800099999999995
97	7	2.3799900000000003
97	8	2.3799799999999998
97	9	2.1480000000000006
97	10	2.1480000000000006
97	11	2.0210000000000004
97	12	1.989
97	13	1.719
97	14	1.719
97	15	1.637
97	16	0.217
97	17	0.217
97	18	0.217
97	19	0.217
97	20	0.217
97	21	0.217
97	22	0.217
97	23	0.217
97	24	0.217
97	25	0.217
97	26	0.217
97	27	0.217
97	28	0.217
97	29	0.217
97	30	0.217
98	0	2.834
98	1	2.7520000000000002
98	2	2.6220000000000003
98	3	2.468
98	4	2.468
98	5	2.378
98	6	2.15
98	7	1.468
98	8	1.468
98	9	1.468
98	10	1.433
98	11	1.433
98	12	0.491
98	13	0.241
98	14	0.241
98	15	0.241
98	16	0.241
98	17	0.241
98	18	0.241
98	19	0.241
98	20	0.241
98	21	0.241
98	22	0.241
98	23	0.241
98	24	0.217
98	25	0.217
98	26	0.217
98	27	0.217
98	28	0.217
98	29	0.217
98	30	0.217
99	0	2.834
99	1	2.38001
99	2	2.380009999999999
99	3	2.3800000000000003
99	4	2.3800000000000003
99	5	2.3799900000000007
99	6	2.3799900000000007
99	7	2.245
99	8	2.017
99	9	1.843
99	10	0.217
99	11	0.217
99	12	0.217
99	13	0.217
99	14	0.217
99	15	0.217
99	16	0.217
99	17	0.217
99	18	0.217
99	19	0.217
99	26	0.217
99	27	0.217
99	28	0.217
99	29	0.217
99	30	0.217
